8260,Erling Haaland,Manchester City,35,2803,36,8,123,29,5,0,F S,32.7613995373249,5.84910985454917,,,,,,,,29,27.4332098662853,31.9633980840445,3.28581621870399
647,Harry Kane,Tottenham,38,3414,30,3,133,57,6,0,F,23.0644401237369,7.54740777146071,,,,,,,,25,18.4974272176623,25.0791179835796,5.09535216260701
998,Ivan Toney,Brentford,33,2960,20,4,94,26,9,0,F,21.6911975741386,4.90989284031093,,,,,,,,14,16.36301879026,18.1100468672812,4.02458566986024
1250,Mohamed Salah,Liverpool,38,3307,19,12,125,65,2,0,F M S,23.340063713491,8.72024561092258,,,,,,,,17,20.2953876554966,32.5441379323602,8.86678267456591
468,Callum Wilson,Newcastle United,31,1911,18,5,73,24,4,0,F S,18.8567680306733,3.56796343438327,,,,,,,,15,16.5732602663338,15.5175623819232,1.81089059449732
556,Marcus Rashford,Manchester United,35,2907,17,5,108,31,2,0,F M S,18.7617605179548,3.73541292920709,,,,,,,,17,18.7617605179548,30.331113813445,9.5897462181747
2517,Martin Odegaard,Arsenal,37,3203,15,7,93,77,4,0,M,9.13776086084545,9.20995663944632,,,,,,,,15,9.13776086084545,27.8937601931393,15.0471040699631
7752,Gabriel Martinelli,Arsenal,36,2851,15,5,79,59,3,0,F M S,10.5381343849003,9.34948549047112,,,,,,,,15,10.5381343849003,25.1508745513856,9.32091725245118
8865,Ollie Watkins,Aston Villa,37,3150,15,6,85,30,4,0,F M S,17.486295863986,3.67403400316834,,,,,,,,14,15.9639569967985,22.1625641584396,5.43531572353095
773,Aleksandar Mitrovic,Fulham,24,2022,14,1,93,15,7,0,F S,16.1790168406442,2.33449823409319,,,,,,,,10,10.0896641304716,11.8028056677431,2.5752602564171
7322,Bukayo Saka,Arsenal,38,3216,14,11,89,75,6,0,F M S,11.3000496551394,7.04298074450344,,,,,,,,12,9.01654163748026,23.583176817745,11.6032799705863
2381,Rodrigo,Leeds,31,1955,13,1,67,16,6,0,F M S,8.57298392057419,2.29870596248656,,,,,,,,12,7.81181491911411,10.8127338606864,3.45052551943809
6681,Harvey Barnes,Leicester,34,2738,13,1,72,19,3,0,F M S,9.12047801166773,3.10730463638902,,,,,,,,13,9.12047801166773,14.7236029133201,3.64901958033442
482,Roberto Firmino,Liverpool,25,1203,11,4,39,21,0,0,F M S,8.12295633554459,3.05484009161592,,,,,,,,11,8.12295633554459,13.9126432128251,6.69017071276903
5543,Gabriel Jesus,Arsenal,26,2107,11,6,77,31,6,0,F S,16.1711343899369,4.24373349174857,,,,,,,,10,15.4099743738771,22.4763884246349,6.94562154635787
6055,Phil Foden,Manchester City,32,1837,11,6,46,44,1,0,F M S,6.18585200980306,5.69747946225107,,,,,,,,11,6.18585200980306,17.4263748861849,8.10150869376957
7420,Miguel Almirón,Newcastle United,34,2550,11,2,69,26,2,0,F S,8.72705946490169,2.95513835735619,,,,,,,,11,8.72705946490169,14.4784786589444,5.55731841549277
453,Son Heung-Min,Tottenham,36,2920,10,6,81,62,2,0,F M S,9.59789542481303,6.33434148319066,,,,,,,,10,9.59789542481303,17.6213334053755,5.95491185970604
5232,Alexander Isak,Newcastle United,22,1530,10,1,51,15,3,0,F S,8.78485171124339,1.77073233295232,,,,,,,,8,7.26251676306129,11.1590563766658,2.86473587434739
6818,James Maddison,Leicester,30,2485,10,9,85,69,10,0,F M S,8.4893871806562,7.77319890633225,,,,,,,,9,6.96704943105578,15.3546680137515,6.39937745407224
7814,Taiwo Awoniyi,Nottingham Forest,27,1426,10,1,35,10,2,0,F S,8.0510318800807,1.02802275121212,,,,,,,,10,8.0510318800807,7.68116633594036,0.716899925842881
8379,Alexis Mac Allister,Brighton,35,2882,10,2,86,47,8,0,M S,11.5322429686785,3.92812020145357,,,,,,,,4,6.9652300067246,19.9106729477644,12.6569149401039
8706,Eberechi Eze,Crystal Palace,38,2657,10,4,70,57,3,0,F M S,6.83176404051483,4.61944077908993,,,,,,,,9,6.07059519924223,11.0957055054605,4.36974600702524
239,Pascal Groß,Brighton,37,3261,9,8,40,80,6,0,D F M,5.95440179016441,11.2460304852575,,,,,,,,9,5.95440179016441,25.2524089161307,15.0083675533533
843,James Ward-Prowse,Southampton,38,3378,9,4,44,72,6,0,M,5.40891109965742,6.05850842688233,,,,,,,,7,2.36423415318131,10.5485019069165,8.64176371879876
6552,Bryan Mbeumo,Brentford,38,2991,9,8,71,52,5,0,F S,10.1007856195793,7.65799580514431,,,,,,,,8,9.33961682859808,17.5312628252432,5.16504011116922
10720,Darwin Núñez,Liverpool,29,1702,9,3,84,28,1,1,F S,14.3748054280877,5.64688746258616,,,,,,,,9,14.3748054280877,20.2773936204612,3.48134439438581
10846,Julián Álvarez,Manchester City,31,1416,9,0,47,18,0,0,F M S,7.75327617581934,2.04682109691203,,,,,,,,8,6.9921071594581,13.7686981409788,5.82053555827588
314,Ilkay Gündogan,Manchester City,31,2369,8,4,54,37,0,0,M S,7.84269534051418,3.44454476982355,,,,,,,,8,7.08152650296688,23.5737712159753,15.4987760167569
986,Danny Ings,"Aston Villa,West Ham",35,1562,8,2,42,15,4,0,F S,8.25754163786769,1.46359554305673,,,,,,,,6,6.73520066961646,8.44458872824907,0.814106842502952
1228,Bruno Fernandes,Manchester United,37,3326,8,8,92,118,6,0,M,9.38545669615269,17.2667094403878,,,,,,,,6,7.86311881244183,35.4180968813598,17.7249531447887
7698,Leandro Trossard,"Arsenal,Brighton",36,2263,8,12,55,47,1,0,D F M S,7.06845421344042,6.3585773780942,,,,,,,,8,7.06845421344042,16.3297882005572,6.74951654486358
10760,Brennan Johnson,Nottingham Forest,38,2952,8,3,55,28,6,0,F M S,8.26651842147112,3.74329615943134,,,,,,,,7,5.98301219195128,12.1707224734128,2.80076134577394
204,Granit Xhaka,Arsenal,37,3039,7,7,40,46,4,0,M S,5.78543318994343,4.80290406476706,,,,,,,,7,5.78543318994343,21.0321485698223,14.2464174330235
447,Kevin De Bruyne,Manchester City,32,2448,7,16,65,97,1,0,M S,4.75827438943088,16.3196439817548,,,,,,,,7,4.75827438943088,29.1285126917064,16.6335608176887
522,Wilfried Zaha,Crystal Palace,27,2308,7,2,66,26,5,0,F M,7.79759448952973,2.76025331951678,,,,,,,,7,6.27525747008622,11.7468936778605,4.08658658713102
5220,Kai Havertz,Chelsea,35,2613,7,1,71,38,5,0,F M S,12.7765637636185,3.57487528771162,,,,,,,,6,12.0153897702694,17.8509727194905,5.23885962367058
5786,Yoane Wissa,Brentford,38,1583,7,3,32,13,3,0,F S,5.20758553594351,2.63992808014154,,,,,,,,7,5.20758553594351,11.2729671532288,4.30140823870897
6034,Philip Billing,Bournemouth,36,2822,7,1,38,27,5,0,F M S,4.89419848565012,3.45726134348661,,,,,,,,7,4.89419848565012,9.99511990696192,3.56168209016323
6756,Dwight McNeil,Everton,36,2512,7,3,46,51,5,0,D F M S,3.87122051976621,7.44360885117203,,,,,,,,7,3.87122051976621,9.87468840554357,2.48096778988838
6854,Diogo Jota,Liverpool,22,1132,7,4,35,17,2,0,F M S,6.437793597579,1.77560536749661,,,,,,,,7,6.437793597579,8.17386988922954,3.90022247843444
10806,Kaoru Mitoma,Brighton,33,2306,7,5,52,40,0,0,D M S,9.24578574113548,7.03577379509807,,,,,,,,7,9.24578574113548,21.0432379096746,9.10057187266648
11296,Cody Gakpo,Liverpool,21,1483,7,2,39,23,0,0,F M S,6.55453956127167,2.98171077296138,,,,,,,,7,6.55453956127167,12.1178704500198,4.42532731220126
87,Joelinton,Newcastle United,32,2677,6,1,51,26,12,0,F M S,6.25254468619823,3.11643836461008,,,,,,,,6,6.25254468619823,12.3078581225127,7.09226019866765
501,Danny Welbeck,Brighton,31,1868,6,3,62,30,0,0,F S,9.55017678812146,5.09805623069406,,,,,,,,6,9.55017678812146,16.1031027585268,5.39882243983448
553,Anthony Martial,Manchester United,21,987,6,2,27,12,0,0,F S,7.32810969091952,1.75676074996591,,,,,,,,5,6.56694371439517,9.77430764771998,2.77538823522627
618,Raheem Sterling,Chelsea,28,1919,6,3,41,34,4,0,D F M S,7.40515337884426,4.86112940590829,,,,,,,,6,7.40515337884426,13.5398763269186,3.04172543250024
1679,Dominic Solanke,Bournemouth,33,2874,6,7,76,21,2,0,F M S,9.31767434626818,3.95762315299362,,,,,,,,6,9.31767434626818,14.1450274996459,3.06674147117883
1776,Jarrod Bowen,West Ham,38,3245,6,5,75,48,2,0,F M S,10.0042298100889,6.90739019960165,,,,,,,,5,8.48189047165215,15.1710119843483,3.62152725830674
3585,Said Benrahma,West Ham,35,2070,6,3,73,48,0,0,F M S,6.35057314857841,4.75649943761528,,,,,,,,2,3.30589720234275,8.22118416242301,2.45425550825894
6049,Solly March,Brighton,33,2745,6,7,73,65,2,0,D M S,8.06985758244991,9.56700888089836,,,,,,,,6,8.06985758244991,22.1303944736719,9.12522925809026
6122,Douglas Luiz,Aston Villa,37,2947,6,6,34,45,6,1,M S,3.19129090290517,4.56788077950478,,,,,,,,6,3.19129090290517,15.9392809327692,11.5554137099534
6345,Jadon Sancho,Manchester United,26,1710,6,3,21,43,0,0,F M S,3.78909493051469,4.79003554582596,,,,,,,,6,3.78909493051469,15.0473713185638,7.70760819502175
6853,Rúben Neves,Wolverhampton Wanderers,35,3022,6,1,67,32,12,0,D M S,5.00628547277302,1.83842960279435,,,,,,,,3,2.72277917247266,10.4524201545864,8.16947869770229
8291,Daniel Podence,Wolverhampton Wanderers,32,1769,6,0,43,37,5,0,F M S,3.7195267919451,2.41711725853384,,,,,,,,6,3.7195267919451,7.61255117505789,2.90808932669461
8941,Jacob Ramsey,Aston Villa,35,2675,6,7,33,42,5,0,M S,5.22807829082012,5.72840607538819,,,,,,,,6,5.22807829082012,14.2871180251241,6.71204164624214
10177,Evan Ferguson,Brighton,19,950,6,2,36,11,1,0,F S,5.66732730343938,0.687021384015679,,,,,,,,6,5.66732730343938,8.41960842162371,2.72166563104838
531,Michail Antonio,West Ham,33,1847,5,3,39,15,2,0,F S,7.20186515711248,1.66082681715488,,,,,,,,5,7.20186515711248,5.8917493224144,1.30071788374335
620,Kelechi Iheanacho,Leicester,28,1120,5,5,39,22,0,0,F M S,6.13355051167309,3.70541355013847,,,,,,,,4,5.37238164432347,9.02169202268124,1.81754146330059
675,Jack Grealish,Manchester City,28,2083,5,7,41,50,3,0,F M S,4.99819818139076,7.46495649963617,,,,,,,,5,4.99819818139076,18.557112345472,8.29553363472223
700,Willian,Fulham,27,2174,5,5,41,51,2,0,M S,3.38323672488332,5.04220122657716,,,,,,,,5,3.38323672488332,9.5901864906773,3.78713790327311
750,Riyad Mahrez,Manchester City,30,1941,5,10,43,51,2,0,F M S,5.86455256771296,6.15749284252524,,,,,,,,4,5.10338051151484,18.3335958272219,11.6440929323435
1726,Abdoulaye Doucouré,Everton,25,1519,5,2,20,22,6,1,M S,3.21401654556394,2.47251332737505,,,,,,,,5,3.21401654556394,5.76518200337887,1.76581958122551
2182,Jefferson Lerma,Bournemouth,37,3263,5,0,35,18,7,0,D M,3.15503668319434,2.62814756017178,,,,,,,,5,3.15503668319434,7.71945564821363,5.27828797325492
2203,Emiliano Buendía,Aston Villa,38,2446,5,2,49,40,0,0,F M S,5.62665364705026,4.37313863169402,,,,,,,,5,5.62665364705026,15.2721649128944,7.62609507888556
3697,Odsonne Edouard,Crystal Palace,35,1819,5,2,39,17,3,0,F M S,5.53529242239893,1.27451079711318,,,,,,,,5,5.53529242239893,7.54508100263774,2.81287136860192
6108,Rodrigo Bentancur,Tottenham,18,1516,5,2,15,11,8,0,M S,2.43694369215518,0.64433859474957,,,,,,,,5,2.43694369215518,8.61503632925451,6.70877605117857
6857,Morgan Gibbs-White,"Nottingham Forest,Wolverhampton Wanderers",37,3170,5,8,62,67,6,0,F M S,6.65569030493498,7.80791064724326,,,,,,,,3,5.13335259258747,13.6688922252506,4.55963191390038
7166,Mathias Jensen,Brentford,37,2898,5,6,23,48,5,0,M,1.93049417808652,3.59164313133806,,,,,,,,5,1.93049417808652,9.59474617615342,6.60032656230032
7395,Carlos Vinicius,Fulham,28,1079,5,2,21,8,3,0,F S,3.5915758907795,0.523351866751909,,,,,,,,5,3.5915758907795,5.0132993562147,1.38169882912189
7700,Che Adams,Southampton,28,2019,5,3,47,24,1,0,F M S,7.3062769183889,2.72575148753822,,,,,,,,5,7.3062769183889,11.9552169516683,4.12874847464263
8720,Jack Harrison,Leeds,36,2793,5,7,39,53,2,0,D F M S,5.01385075133294,5.01065623015165,,,,,,,,5,5.01385075133294,11.7581779584289,4.76807979121804
10741,Marcus Tavernier,Bournemouth,23,1770,5,4,37,17,1,0,D M S,3.92809841502458,2.70446224696934,,,,,,,,5,3.92809841502458,7.43367698602378,2.74033419601619
10804,Deniz Undav,Brighton,22,594,5,0,27,8,2,0,F M S,5.54737072624266,1.16800521872938,,,,,,,,5,5.54737072624266,7.2767525985837,1.48656052537262
10866,Luis Sinisterra,Leeds,19,891,5,0,28,9,1,1,F M S,3.36170696280897,0.389043100178242,,,,,,,,5,3.36170696280897,5.34975779801607,2.4539063628763
343,Pierre-Emile Højbjerg,Tottenham,35,3137,4,5,33,30,5,0,M,1.52955245319754,3.19928047154099,,,,,,,,4,1.52955245319754,15.6365939415991,11.9506257418543
672,Jordan Ayew,Crystal Palace,38,2738,4,3,32,30,5,0,F M S,2.75132811814547,3.05074052512646,,,,,,,,4,2.75132811814547,7.42166501656175,3.22597536630929
762,Demarai Gray,Everton,33,2520,4,1,59,36,3,0,F M S,6.32515351474285,3.6088451994583,,,,,,,,2,4.80281588807702,9.12668180651963,3.21514550596476
822,Patrick Bamford,Leeds,28,1523,4,2,50,12,3,0,F S,9.77451291866601,1.03584189713001,,,,,,,,4,8.25217113085091,8.99388212524354,1.03946910426021
922,Andreas Pereira,Fulham,33,2765,4,6,62,60,8,0,M,6.42688099388033,4.83693030662835,,,,,,,,3,5.6657119775191,10.1550838537514,4.31409253180027
2248,Casemiro,Manchester United,28,2127,4,3,34,28,7,2,M S,3.14090854953974,3.87243237998337,,,,,,,,4,3.14090854953974,18.8883977066725,13.8820838443935
3635,Bernardo Silva,Manchester City,34,2194,4,5,25,30,5,0,D F M S,2.25641546398401,3.91625050455332,,,,,,,,4,2.25641546398401,17.542014747858,13.0466145630926
5221,Leon Bailey,Aston Villa,33,2031,4,4,51,30,4,0,F M S,4.77841194719076,5.53395788837224,,,,,,,,4,4.77841194719076,13.001362528652,3.5788454040885
5553,Declan Rice,West Ham,37,3268,4,1,36,36,5,0,M S,2.23494758550078,2.33805207721889,,,,,,,,4,1.47377856913954,10.8504671650007,8.60391856823117
6063,Jacob Murphy,Newcastle United,36,1215,4,2,29,20,0,0,F S,3.69708652049303,2.68278655782342,,,,,,,,4,3.69708652049303,10.1137544326484,4.06618909910321
6482,Eddie Nketiah,Arsenal,30,1017,4,1,41,9,3,0,F S,9.2230672519654,1.4819802492857,,,,,,,,4,9.2230672519654,10.2005985304713,1.78211776167154
6827,Bobby Reid,Fulham,36,2511,4,1,31,18,8,0,D F M S,4.22609395906329,1.50082380697131,,,,,,,,4,4.22609395906329,8.13547591865063,3.86888372711837
7365,Lucas Paquetá,West Ham,28,2209,4,3,53,32,5,0,F M S,5.04679605551064,2.86922195181251,,,,,,,,3,4.28562705405057,9.56908914260566,4.35245928354561
7892,João Félix,Chelsea,16,953,4,0,46,6,1,1,F M S,4.28862035274506,0.646605195477605,,,,,,,,4,4.28862035274506,5.62045630067587,2.03590917401016
8150,Anthony Gordon,"Everton,Newcastle United",32,1564,4,0,34,14,7,0,F M S,5.54936403781176,1.41139221936464,,,,,,,,4,5.54936403781176,7.68504341691732,1.73896761797369
8327,Bruno Guimarães,Newcastle United,32,2762,4,5,28,42,7,0,M,2.72672995831817,3.80610269680619,,,,,,,,4,2.72672995831817,16.4988361876458,13.3791231438518
9492,Crysencio Summerville,Leeds,28,1391,4,2,29,16,4,0,F M S,3.55920770205557,1.42414139769971,,,,,,,,4,3.55920770205557,6.0611679032445,1.57347368448973
9738,Patson Daka,Leicester,30,1164,4,4,30,17,2,0,F M S,4.06419691257179,2.73372928984463,,,,,,,,4,4.06419691257179,8.22442529350519,1.52476485446095
10405,Josh Dasilva,Brentford,36,1374,4,2,18,12,1,0,M S,1.59160673432052,2.08040337450802,,,,,,,,4,1.59160673432052,6.89354763738811,3.86187662556767
10408,Luis Díaz,Liverpool,17,997,4,2,27,13,2,0,F M S,3.56871127709746,1.95634282752872,,,,,,,,4,3.56871127709746,9.51109451800585,4.6360490322113
10716,Manor Solomon,Fulham,19,536,4,0,11,6,0,0,M S,1.04285923577845,0.324998927302659,,,,,,,,4,1.04285923577845,1.43432034831494,0.742827324196696
10743,Kieffer Moore,Bournemouth,27,1273,4,0,23,5,1,0,F S,4.82300658151507,0.526072781533003,,,,,,,,4,4.82300658151507,5.66835601069033,1.64163670968264
11058,Julio Enciso,Brighton,20,798,4,2,38,13,1,0,F M S,4.21425335295498,1.77983988821507,,,,,,,,4,4.21425335295498,8.68467009067535,2.95890817325562
11094,Antony,Manchester United,25,1841,4,2,72,28,5,0,F M S,5.85784830152988,2.37078566942364,,,,,,,,4,5.85784830152988,13.8376416452229,7.11214586161077
11297,Carlos Alcaraz,Southampton,18,1050,4,2,24,5,3,0,F M S,1.90361630730331,0.808556787669659,,,,,,,,4,1.90361630730331,3.89624669309705,1.46939748618752
755,Jamie Vardy,Leicester,37,1832,3,4,28,14,1,0,F S,6.64415422640741,1.73694835975766,,,,,,,,3,5.88298537395895,8.8372137285769,1.423075446859
757,Jeffrey Schlupp,Crystal Palace,34,2562,3,1,28,18,7,0,D M S,3.44559844676405,2.29601323418319,,,,,,,,3,3.44559844676405,6.81866902112961,4.32648761942983
833,Virgil van Dijk,Liverpool,32,2839,3,1,30,7,3,0,D,3.12249208055437,1.1658173147589,,,,,,,,3,3.12249208055437,14.1821289509535,14.0148390419781
910,Harrison Reed,Fulham,37,2911,3,4,20,35,5,0,M S,2.18257381953299,3.51451264042407,,,,,,,,3,2.18257381953299,10.1405639778823,5.45799426641315
1654,Ben Mee,Brentford,37,3278,3,1,27,7,2,0,D,3.22416146285832,1.68026129156351,,,,,,,,3,3.22416146285832,6.83391148783267,4.6967791505158
2328,Thomas Partey,Arsenal,33,2484,3,0,28,26,5,0,D M S,2.22962202131748,1.93413149937987,,,,,,,,3,2.22962202131748,17.8329361900687,16.6500262059271
2335,Pablo Fornals,West Ham,32,1507,3,1,27,19,0,0,F M S,1.72893593646586,2.0187380798161,,,,,,,,3,1.72893593646586,6.23608736228198,2.81389084551483
4456,Chris Wood,"Newcastle United,Nottingham Forest",25,808,3,0,12,6,0,0,F S,3.43325681611896,0.36069830134511,,,,,,,,2,2.67208778485656,3.63253081962466,1.0803029127419
5613,Gabriel,Arsenal,38,3416,3,0,32,5,5,0,D,4.33555458672345,0.166313809342682,,,,,,,,3,4.33555458672345,13.8270729593933,13.4422187097371
5956,Youri Tielemans,Leicester,31,2365,3,2,31,30,4,0,M S,2.23944157082587,4.52886501885951,,,,,,,,2,0.717104577459395,14.306540120393,11.2065691798925
6253,Gianluca Scamacca,West Ham,16,940,3,0,30,13,3,0,F S,2.53876339644194,1.12964550871402,,,,,,,,3,2.53876339644194,3.51997191645205,0.570223597809672
6492,Reiss Nelson,Arsenal,11,174,3,2,12,8,0,0,S,1.89555330947042,1.20821999013424,,,,,,,,3,1.89555330947042,3.409787774086,0.669681042432785
6630,Joe Willock,Newcastle United,35,2634,3,6,58,40,1,0,M S,7.26615650951862,7.388796498999,,,,,,,,3,7.26615650951862,17.7811542078853,5.48137057572603
6665,Curtis Jones,Liverpool,18,1059,3,1,15,14,2,0,M S,1.2679023258388,1.01004698500037,,,,,,,,3,1.2679023258388,6.75366523675621,4.94823305495083
6912,Pedro Porro,Tottenham,15,1154,3,3,25,25,0,0,D M S,1.39732880145311,2.53223645500839,,,,,,,,3,1.39732880145311,5.9181207716465,2.84824890084565
7768,Mason Mount,Chelsea,24,1682,3,2,33,29,4,0,F M S,2.13646727614105,3.00192481093109,,,,,,,,3,2.13646727614105,7.29792560543865,4.29619199316949
8845,Hee-Chan Hwang,Wolverhampton Wanderers,27,1117,3,1,18,10,1,0,F M S,2.16406987421215,0.878743961453438,,,,,,,,3,2.16406987421215,3.73332903161645,0.9231963371858
9040,Conor Gallagher,Chelsea,35,1590,3,1,28,21,9,1,M S,2.53716973029077,2.62820187956095,,,,,,,,3,2.53716973029077,8.28257120214403,3.59836295433342
9678,Ethan Pinnock,Brentford,30,2700,3,0,15,8,0,0,D,3.58590552955866,0.619210507720709,,,,,,,,3,3.58590552955866,5.02615802362561,4.34019956737757
9680,Vitaly Janelt,Brentford,35,2206,3,1,14,16,3,0,D M S,2.19126437231898,1.46207346208394,,,,,,,,3,2.19126437231898,7.5696020424366,5.46771614253521
10552,Alejandro Garnacho,Manchester United,19,555,3,2,24,3,3,0,M S,3.87791719846427,1.1436776779592,,,,,,,,3,3.87791719846427,6.56401365995407,1.71194045990706
10715,João Palhinha,Fulham,35,3124,3,0,38,7,14,0,M,2.69516980089247,0.275451373308897,,,,,,,,3,2.69516980089247,5.98502987902612,5.42451357282698
10746,Jaidon Anthony,Bournemouth,30,1204,3,1,21,12,2,0,D M S,1.75661566248164,0.909928612411022,,,,,,,,3,1.75661566248164,3.6877835537307,2.18065284378827
10750,Rasmus Kristensen,Leeds,26,1964,3,1,13,8,4,0,D M S,0.789253355935216,1.28896351810545,,,,,,,,3,0.789253355935216,4.21932038944215,3.02403482981026
11317,Danilo,Nottingham Forest,13,999,3,2,15,9,1,0,M S,1.66061656270176,0.808849496766925,,,,,,,,3,1.66061656270176,2.98664789646864,0.792953822761774
486,Adam Lallana,Brighton,16,742,2,1,8,14,0,0,F M S,1.19266038388014,0.968704085797071,,,,,,,,2,1.19266038388014,3.49762006290257,1.92454410903156
500,Alex Iwobi,Everton,38,3388,2,7,42,64,2,0,F M,2.74827094003558,6.127815451473,,,,,,,,2,2.74827094003558,13.5317927952856,7.7126287650317
503,Theo Walcott,Southampton,20,1149,2,2,20,15,1,0,F M S,3.12636959739029,1.81092542782426,,,,,,,,2,3.12636959739029,4.90373092517257,0.985082202591002
586,John Stones,Manchester City,23,1852,2,2,11,8,2,0,D M S,1.31618995871395,1.44835674017668,,,,,,,,2,1.31618995871395,11.6264067180455,11.451622042805
643,Eric Dier,Tottenham,33,2815,2,1,17,7,4,0,D S,1.47159771062434,1.62045780755579,,,,,,,,2,1.47159771062434,11.7468835096806,11.0031675677747
660,Ben Davies,Tottenham,31,2295,2,2,14,20,4,0,D S,0.993374286219478,2.46902875043452,,,,,,,,2,0.993374286219478,8.73275038599968,7.62914814800024
695,Bertrand Traoré,Aston Villa,8,216,2,0,9,1,1,0,M S,0.856813095510006,0.0698933973908424,,,,,,,,2,0.856813095510006,1.91705791372806,1.09589478280395
782,Ben Chilwell,Chelsea,23,1418,2,2,16,21,3,0,D S,1.46511063817889,1.99367825593799,,,,,,,,2,1.46511063817889,4.49403867032379,3.53270529024303
900,Adama Traoré,Wolverhampton Wanderers,34,1452,2,1,19,23,2,0,F M S,1.42007860727608,3.14721941202879,,,,,,,,2,1.42007860727608,6.1093307454139,1.63651195820421
935,Kurt Zouma,West Ham,25,1990,2,0,19,1,0,0,D S,2.12517359480262,0.0568796992301941,,,,,,,,2,2.12517359480262,2.59681390970945,2.47002790495753
1376,Kalidou Koulibaly,Chelsea,23,1809,2,1,11,7,5,1,D S,1.05407698545605,0.305135702714324,,,,,,,,2,1.05407698545605,7.35240276902914,7.25446876138449
1389,Jorginho,"Arsenal,Chelsea",32,2138,2,1,11,12,4,0,M S,1.7956794500351,0.555597763508558,,,,,,,,0,0.273341417312622,11.18387000449,10.5913566593081
1791,Trent Alexander-Arnold,Liverpool,37,2954,2,9,40,71,5,0,D S,1.87888909317553,13.2224413175136,,,,,,,,2,1.87888909317553,21.868592441082,16.1897542476654
2379,João Cancelo,Manchester City,17,1289,2,1,17,12,3,1,D M S,0.591837394982576,0.836013602092862,,,,,,,,2,0.591837394982576,8.17926018685102,7.2473001293838
2496,Rodri,Manchester City,36,2938,2,6,50,32,5,0,D M S,4.11923221498728,4.53948172554374,,,,,,,,2,4.11923221498728,26.8019725680351,23.0716574639082
4419,Adam Armstrong,Southampton,30,1333,2,1,25,11,2,0,F M S,2.43750149849802,1.73041655123234,,,,,,,,2,2.43750149849802,4.70424327999353,1.29185172356665
5555,Dominic Calvert-Lewin,Everton,17,1197,2,1,31,9,3,0,F S,6.49808780476451,1.23650730960071,,,,,,,,1,5.73691896721721,8.03898759186268,1.9899096544832
5595,Daniel James,"Fulham,Leeds",24,790,2,1,16,8,0,0,F M S,2.11743279546499,1.58987811952829,,,,,,,,2,2.11743279546499,4.57366869226098,1.52601481229067
5596,Harry Wilson,Fulham,29,1087,2,3,18,12,1,0,M S,1.87038908153772,1.38849164545536,,,,,,,,2,1.87038908153772,5.57395899947733,2.74789391737431
5735,Jean-Philippe Mateta,Crystal Palace,29,717,2,0,28,5,3,0,F S,3.30886453203857,0.406439602375031,,,,,,,,2,3.30886453203857,4.65725103765726,1.32179914414883
6157,Timothy Castagne,Leicester,37,3257,2,3,18,21,3,0,D S,1.92579936422408,3.17270793579519,,,,,,,,2,1.92579936422408,11.6031452585012,8.60538211651146
6500,Romain Perraud,Southampton,29,1842,2,2,29,15,4,0,D M S,1.20914201252162,2.26682285219431,,,,,,,,2,1.20914201252162,4.52161789871752,2.69453678838909
6521,Yerry Mina,Everton,7,606,2,0,8,1,2,0,D,1.6610938757658,0.0843361243605614,,,,,,,,2,1.6610938757658,0.721765158697963,0.114844297990203
6691,Dejan Kulusevski,Tottenham,30,2120,2,7,43,47,2,0,F M S,2.61029627546668,5.48272065445781,,,,,,,,2,2.61029627546668,9.84226746484637,4.0003888993524
6817,Fred,Manchester United,35,1207,2,2,26,30,6,0,M S,2.24727318249643,2.54986295290291,,,,,,,,2,2.24727318249643,12.1578747704625,8.12485212832689
6835,Tom Cairney,Fulham,33,929,2,0,21,12,2,0,M S,1.54919387586415,1.6246961504221,,,,,,,,2,1.54919387586415,5.840297954157,3.50593729317188
6837,Ryan Sessegnon,Tottenham,17,810,2,0,18,6,4,0,D S,2.11751537770033,1.04079100489616,,,,,,,,2,2.11751537770033,4.33189439028502,2.04399607889354
6888,William Saliba,Arsenal,27,2418,2,1,6,6,4,0,D,0.8184554874897,1.12001357786357,,,,,,,,2,0.8184554874897,9.70115238055587,9.49210711196065
6893,Stuart Armstrong,Southampton,32,1408,2,1,23,18,6,0,M S,2.10647696815431,2.60635206289589,,,,,,,,2,2.10647696815431,6.87706409581006,2.41470796614885
6935,Naif Aguerd,West Ham,18,1600,2,0,12,6,4,0,D S,2.511583968997,0.628220003098249,,,,,,,,2,2.511583968997,1.39478691387922,1.27754319179803
7080,Matheus Cunha,Wolverhampton Wanderers,17,978,2,0,26,8,1,0,F S,1.59118317160755,0.871350748464465,,,,,,,,2,1.59118317160755,2.67357750236988,0.646101137623191
7298,Ben White,Arsenal,38,3094,2,5,10,27,5,0,D S,0.98206324223429,4.29355375282466,,,,,,,,2,0.98206324223429,18.1329810675234,15.2885461095721
7430,Emerson,Tottenham,26,1733,2,1,17,9,2,1,D S,1.74530659988523,0.48395898938179,,,,,,,,2,1.74530659988523,7.78162630274892,5.67253337055445
8288,Tomas Soucek,West Ham,36,2839,2,3,34,15,3,0,M S,3.82576912175864,1.93101893551648,,,,,,,,2,3.82576912175864,8.62621104065329,5.91070652753115
8716,Luke Ayling,Leeds,29,2030,2,1,24,12,3,0,D S,2.71257749944925,1.81916824169457,,,,,,,,2,2.71257749944925,7.10475912690163,4.52066527679563
8717,Pascal Struijk,Leeds,29,2217,2,1,16,13,5,0,D S,1.3350814320147,2.17537069879472,,,,,,,,2,1.3350814320147,5.01253358647227,3.33086527697742
9301,Emmanuel Dennis,Nottingham Forest,19,705,2,2,21,7,3,0,F M S,1.54861814342439,0.536396289244294,,,,,,,,2,1.54861814342439,2.08606299199164,0.966363957151771
9501,Fabio Carvalho,Liverpool,13,330,2,0,11,1,0,0,F M S,1.15791071206331,0.104627996683121,,,,,,,,2,1.15791071206331,1.43013619631529,0.74741218239069
9630,Kamaldeen Sulemana,Southampton,18,950,2,1,25,14,1,0,F M S,1.67901863344014,1.42701813299209,,,,,,,,2,1.67901863344014,3.453937061131,0.634461113251746
9739,Kiernan Dewsbury-Hall,Leicester,31,2334,2,2,26,39,3,1,F M S,1.85498806834221,3.07109239511192,,,,,,,,2,1.85498806834221,9.72259530425072,5.31430357322097
9892,Matias Viña,Bournemouth,12,453,2,0,9,2,1,0,D S,0.752975698560476,0.157913655042648,,,,,,,,2,0.752975698560476,1.67164348810911,0.97148409858346
9948,Michael Olise,Crystal Palace,37,2774,2,11,51,72,2,0,F M S,2.65928543359041,7.17462514899671,,,,,,,,2,2.65928543359041,8.7775584384799,3.40459630638361
10766,Joe Ayodele-Aribo,Southampton,21,1224,2,0,14,9,2,0,F M S,2.05445561558008,0.987671595066786,,,,,,,,2,2.05445561558008,3.79022911377251,0.947960801422596
10864,Marcos Senesi,Bournemouth,31,2508,2,0,8,5,7,0,D S,2.06924262829125,0.505597691982985,,,,,,,,2,2.06924262829125,4.30753542203456,3.9094908265397
11155,Wilfried Gnonto,Leeds,24,1344,2,4,22,22,7,0,F M S,1.83349840342999,2.92140746489167,,,,,,,,2,1.83349840342999,5.23031902685761,1.93643043935299
76,Fabian Schär,Newcastle United,36,3223,1,3,56,19,7,0,D,5.09275146760047,2.42965074442327,,,,,,,,1,5.09275146760047,10.1844627968967,8.89899895712733
101,Allan Saint-Maximin,Newcastle United,25,1101,1,5,28,31,1,0,F S,1.61118054948747,4.72413752786815,,,,,,,,1,1.61118054948747,8.28943878598511,3.23782034777105
318,Pierre-Emerick Aubameyang,Chelsea,15,542,1,0,16,4,1,0,F S,2.12275251932442,0.343431703746319,,,,,,,,1,2.12275251932442,2.80808272957802,0.503109306097031
332,Joel Matip,Liverpool,14,1095,1,0,5,4,3,0,D S,0.645937015302479,0.323708649724722,,,,,,,,1,0.645937015302479,5.54233494214714,5.4658668320626
448,Ivan Perisic,Tottenham,34,2107,1,8,29,48,6,0,D F S,3.01711498945951,6.62317509576678,,,,,,,,1,3.01711498945951,9.89433056302369,6.03405498340726
488,Philippe Coutinho,Aston Villa,20,750,1,0,21,8,3,0,F M S,1.38612893410027,0.385862503200769,,,,,,,,1,1.38612893410027,2.81987724080682,1.43975471891463
510,Joel Ward,Crystal Palace,28,2251,1,0,7,10,6,0,D S,1.46557199396193,0.337888449430466,,,,,,,,1,1.46557199396193,3.97486810944974,3.70960112847388
530,James Tomkins,Crystal Palace,6,340,1,0,3,0,1,1,D S,0.72905708104372,0,,,,,,,,1,0.72905708104372,0.106389299035072,0.0669699981808662
532,Cheikhou Kouyaté,Nottingham Forest,21,871,1,0,6,8,3,0,D M S,0.186702538281679,0.993339996784925,,,,,,,,1,0.186702538281679,2.07166494242847,1.74463271535933
535,Manuel Lanzini,West Ham,10,230,1,0,3,1,0,0,M S,0.644330156035721,0.337106019258499,,,,,,,,1,0.644330156035721,1.17250985559076,0.191073650494218
579,Nathan Aké,Manchester City,26,1874,1,0,9,9,2,0,D S,1.34418270923197,1.09055732563138,,,,,,,,1,1.34418270923197,13.6506096497178,13.5429765954614
585,Seamus Coleman,Everton,23,1686,1,0,7,4,1,0,D S,0.267031886614859,1.45592728257179,,,,,,,,1,0.267031886614859,4.15755812823772,2.55259519070387
631,Ashley Young,Aston Villa,29,2044,1,0,15,14,7,0,D S,0.394936112686992,0.78118859231472,,,,,,,,1,0.394936112686992,6.35013359971345,5.58573614060879
646,Christian Eriksen,Manchester United,28,2094,1,8,38,36,3,0,F M S,4.86724331881851,4.55825458839536,,,,,,,,1,4.86724331881851,16.0410572811961,10.6827788501978
652,Kieran Trippier,Newcastle United,38,3368,1,7,14,110,5,0,D,0.871996991336346,13.4627131633461,,,,,,,,1,0.871996991336346,17.4708139132708,14.6053831893951
753,Marc Albrighton,Leicester,6,232,1,0,2,6,0,0,M S,0.442004699259996,0.571189492940903,,,,,,,,1,0.442004699259996,2.09237498044968,1.6713439822197
802,Diego Costa,Wolverhampton Wanderers,23,1254,1,0,28,11,5,1,F S,2.98441852629185,0.599013170227408,,,,,,,,1,2.98441852629185,3.38962981849909,0.500772327184677
804,Craig Dawson,"West Ham,Wolverhampton Wanderers",25,2148,1,0,17,2,6,0,D,1.52138041704893,0.107901003211737,,,,,,,,1,1.52138041704893,3.39884053356946,3.24672453291714
885,Kyle Walker-Peters,Southampton,31,2659,1,0,12,15,4,0,D M S,0.671762250363827,1.83802130445838,,,,,,,,1,0.671762250363827,7.27054973319173,5.72234851215035
966,Alex Oxlade-Chamberlain,Liverpool,9,338,1,0,7,5,0,0,F S,1.49329377803952,0.789053112268448,,,,,,,,1,1.49329377803952,2.45119486097246,0.551305711269379
1006,Luke Shaw,Manchester United,31,2570,1,2,14,34,8,0,D S,0.974011359736323,3.82665434386581,,,,,,,,1,0.974011359736323,12.4648291748017,10.2969802487642
1024,Tyrone Mings,Aston Villa,35,3150,1,2,7,5,7,0,D,1.21132204215974,1.1698964163661,,,,,,,,1,1.21132204215974,11.5143795460463,10.6296681314707
1234,Dennis Praet,Leicester,22,609,1,0,5,3,1,0,M S,0.907405812293291,0.502287089824677,,,,,,,,1,0.907405812293291,2.43767479993403,1.15929308347404
1245,Emerson,West Ham,22,1331,1,0,11,13,2,0,D M S,1.00510235317051,0.819872272200882,,,,,,,,1,1.00510235317051,2.97873582970351,1.83497061487287
1653,Michael Keane,Everton,12,982,1,2,14,3,0,0,D S,1.32615115866065,1.04897017404437,,,,,,,,1,1.32615115866065,1.24120883643627,0.48770515806973
1665,James Tarkowski,Everton,38,3420,1,1,31,15,6,0,D,3.02016625367105,3.46320622228086,,,,,,,,1,3.02016625367105,6.18101455830038,5.9731012377888
1749,Rob Holding,Arsenal,14,556,1,0,5,0,0,0,D S,0.374181985855103,0,,,,,,,,1,0.374181985855103,3.30078725516796,3.20217327773571
1785,Nampalys Mendy,Leicester,19,743,1,0,2,2,1,0,M S,0.0925476998090744,0.0272580198943615,,,,,,,,1,0.0925476998090744,2.87010855227709,2.80290844663978
1801,Pontus Jansson,Brentford,12,724,1,0,4,0,0,0,D S,0.196724899113178,0,,,,,,,,1,0.196724899113178,1.85062971897423,1.73430540971458
1823,Lucas Digne,Aston Villa,28,1494,1,0,8,18,5,0,D S,0.497136455029249,1.56752958521247,,,,,,,,1,0.497136455029249,4.50280270725489,3.20105826761574
2199,Pablo Sarabia,Wolverhampton Wanderers,13,788,1,0,20,11,3,0,F M S,2.53629280999303,0.77476179599762,,,,,,,,1,2.53629280999303,3.56844010949135,1.44305692613125
2254,Mateo Kovacic,Chelsea,27,1700,1,2,23,23,8,0,M S,1.32628462836146,1.79322693962604,,,,,,,,1,1.32628462836146,8.1434094812721,5.91866462305188
2280,Jonny,Wolverhampton Wanderers,18,1257,1,0,9,5,3,1,D S,0.18713400978595,0.578488813713193,,,,,,,,1,0.18713400978595,4.23657662048936,3.63515903800726
2371,Cristiano Ronaldo,Manchester United,10,517,1,0,25,6,2,0,F S,2.14071799442172,0.307857897132635,,,,,,,,1,2.14071799442172,2.95799284800887,0.943359684199095
2662,Christian Pulisic,Chelsea,24,779,1,1,18,12,1,0,D F M S,1.87239551357925,0.436824297532439,,,,,,,,1,1.87239551357925,3.67587470263243,1.68297790829092
2958,Oleksandr Zinchenko,Arsenal,27,2179,1,2,27,19,3,0,D S,1.17540317587554,1.95840361341834,,,,,,,,1,1.17540317587554,16.5602542068809,14.8420341406018
3203,Issa Diop,Fulham,25,2004,1,0,3,2,2,0,D S,0.191393602639437,0.526739034801722,,,,,,,,1,0.191393602639437,3.16989398933947,3.15473468974233
3293,Lucas Moura,Tottenham,15,117,1,0,4,4,0,1,S,0.737893238663673,0.231134749948978,,,,,,,,1,0.737893238663673,1.08058868348598,0.383965633809566
3303,Ricardo Pereira,Leicester,10,450,1,1,2,7,2,0,D M S,0.0841288976371288,0.415319211781025,,,,,,,,1,0.0841288976371288,1.4952941313386,1.17599000781775
3600,Serge Aurier,Nottingham Forest,24,1958,1,0,9,10,2,0,D S,0.669143696315587,0.802479786798358,,,,,,,,1,0.669143696315587,3.04930849932134,2.73441424593329
3621,Neal Maupay,Everton,27,1101,1,0,32,7,4,0,F S,5.43479987047613,0.352517807856202,,,,,,,,1,5.43479987047613,4.55944513343275,1.56400291062891
5086,Marc Roca,Leeds,32,2375,1,2,34,33,7,0,M S,2.0919028762728,3.21710008848459,,,,,,,,1,2.0919028762728,6.89039168599993,4.83949962351471
5136,Estupiñán,Brighton,35,2707,1,5,30,50,4,0,D S,2.32493252772838,5.64243982266635,,,,,,,,1,2.32493252772838,18.086723536253,12.6715372130275
5264,Caglar Söyüncü,Leicester,7,527,1,0,5,1,2,0,D S,0.338261667639017,0.116190001368523,,,,,,,,1,0.338261667639017,1.36462805792689,1.36462805792689
5560,Scott McTominay,Manchester United,24,1133,1,0,13,8,8,0,M S,1.80137169081718,1.07818580977619,,,,,,,,1,1.80137169081718,6.00483231898397,3.54771243594587
5590,Tosin Adarabioyo,Fulham,25,2081,1,0,17,6,4,0,D S,0.578280738554895,0.226777117699385,,,,,,,,1,0.578280738554895,3.62617366760969,3.48211747407913
5602,Sam Surridge,Nottingham Forest,20,275,1,0,9,1,2,0,F S,1.69267289713025,0.051858801394701,,,,,,,,1,1.69267289713025,2.38413085415959,0.731687862426043
5682,Gonçalo Guedes,Wolverhampton Wanderers,13,718,1,1,19,9,1,0,F M S,1.27253901585937,0.542478401213884,,,,,,,,1,1.27253901585937,2.08731838129461,0.420298603363335
5973,Kenny Tete,Fulham,31,2589,1,5,13,23,8,0,D S,0.719947994686663,2.34017201140523,,,,,,,,1,0.719947994686663,6.94873644690961,4.78752848692238
6026,Richarlison,Tottenham,27,982,1,3,27,16,3,0,F M S,3.51693564280868,1.7408953551203,,,,,,,,1,3.51693564280868,5.35384229011834,1.59188043698668
6048,Lewis Dunk,Brighton,36,3240,1,0,22,9,4,0,D,2.0407250970602,0.865523212589324,,,,,,,,1,2.0407250970602,14.3470897749066,14.0969275459647
6088,Orel Mangala,Nottingham Forest,27,1581,1,1,9,3,3,0,M S,0.372946070507169,0.424714706838131,,,,,,,,1,0.372946070507169,3.28804245777428,2.55428105406463
6104,Will Hughes,Crystal Palace,27,796,1,1,6,6,4,0,M S,0.53475047647953,0.769394541159272,,,,,,,,1,0.53475047647953,3.04963719472289,1.98068096116185
6252,Lyanco,Southampton,21,1160,1,1,11,4,4,0,D S,0.720981690101326,0.390164503827691,,,,,,,,1,0.720981690101326,1.92888789903373,1.63624895457178
6314,Joachim Andersen,Crystal Palace,32,2786,1,0,22,12,8,0,D,1.85028810333461,1.42284787818789,,,,,,,,1,1.85028810333461,5.73883250541985,4.77497297525406
6485,Júnior Firpo,Leeds,19,1364,1,1,2,8,6,1,D S,0.141423210501671,0.951249904930592,,,,,,,,1,0.141423210501671,2.46699216961861,2.00241355225444
6674,Rayan Ait Nouri,Wolverhampton Wanderers,21,1056,1,0,10,7,4,0,D S,1.12989677861333,0.760924304835498,,,,,,,,1,1.12989677861333,3.19845551997423,2.07715484499931
6851,Conor Coady,Everton,24,2096,1,1,4,4,2,0,D S,0.614827912300825,0.461653207428753,,,,,,,,1,0.614827912300825,2.6963927987963,2.24946129880846
6852,Matt Doherty,Tottenham,12,665,1,0,10,6,0,0,D S,0.872617702931166,0.28811639547348,,,,,,,,1,0.872617702931166,2.74940574355423,1.96578543633223
6894,Mohamed Elyounoussi,Southampton,33,2212,1,1,36,18,4,0,F M S,3.06923589669168,1.82518410310149,,,,,,,,1,3.06923589669168,7.8604584094137,4.556406237185
7007,Duje Caleta-Car,Southampton,13,947,1,0,5,1,2,0,D S,1.08825970999897,0.0416763015091419,,,,,,,,1,1.08825970999897,2.09712092205882,2.07866726070642
7078,Sean Longstaff,Newcastle United,33,2509,1,4,33,23,2,0,M S,4.52622767165303,3.45106175262481,,,,,,,,1,4.52622767165303,12.2698936574161,6.19310823269188
7083,Christian Nørgaard,Brentford,22,1794,1,3,19,12,6,0,M S,1.34774439409375,3.11004099436104,,,,,,,,1,1.34774439409375,5.92088241875172,5.30845759809017
7184,Tim Ream,Fulham,33,2900,1,0,3,3,2,0,D,0.494400406256318,0.0717986021190882,,,,,,,,1,0.494400406256318,6.86046500504017,6.81347899883986
7198,Oliver Skipp,Tottenham,23,1510,1,0,7,10,7,0,M S,0.207908897660673,0.542324174195528,,,,,,,,1,0.207908897660673,5.2094857133925,4.57661791518331
7240,Benoit Badiashile Mukinayi,Chelsea,11,901,1,0,6,3,2,0,D S,1.21353514492512,0.691355295479298,,,,,,,,1,1.21353514492512,3.30611335486174,3.16249939054251
7281,Diogo Dalot,Manchester United,26,2164,1,2,22,29,6,0,D S,2.20769347157329,1.91371291410178,,,,,,,,1,2.20769347157329,11.6909329090267,8.90326604805887
7382,Dan Burn,Newcastle United,38,3130,1,0,21,16,5,0,D S,2.25665779598057,2.02116935420781,,,,,,,,1,2.25665779598057,11.1691899765283,10.7646444309503
7546,Harvey Elliott,Liverpool,32,1602,1,2,36,26,2,0,F M S,2.0270798355341,3.97971409000456,,,,,,,,1,2.0270798355341,14.912637444213,10.783384276554
7589,Wesley Fofana,"Chelsea,Leicester",17,1372,1,0,8,2,4,0,D S,0.855233605019748,0.0366367762908339,,,,,,,,1,0.855233605019748,4.46303728967905,4.0268777217716
7603,Marc Guehi,Crystal Palace,37,3330,1,0,14,10,8,0,D,1.66222202777863,0.657671803608537,,,,,,,,1,1.66222202777863,4.73708490468562,4.26824000291526
7723,John McGinn,Aston Villa,34,2692,1,3,42,18,7,0,M S,1.94737670104951,3.40858530625701,,,,,,,,1,1.94737670104951,10.6702974587679,6.9001254029572
8066,Arnaut Danjuma Groeneveld,Tottenham,9,151,1,0,6,1,0,0,M S,0.623414676636457,0.0274659004062414,,,,,,,,1,0.623414676636457,1.08542676456273,0.462012050673366
8067,Reece James,Chelsea,16,1242,1,1,16,21,4,0,D M S,1.01406659465283,3.06650481745601,,,,,,,,1,1.01406659465283,5.8419587938115,4.73168463353068
8204,Neco Williams,Nottingham Forest,31,1860,1,0,25,15,7,0,D M S,1.46977066714317,1.46951177157462,,,,,,,,1,1.46977066714317,4.35395554360002,2.08689364045858
8384,Armando Broja,Chelsea,12,266,1,0,6,1,0,0,F S,0.857246484607458,0.0866743996739388,,,,,,,,1,0.857246484607458,0.897835582494736,0
8582,Ellis Simms,Everton,11,200,1,0,8,2,0,0,F S,1.04517088085413,0.0746167004108429,,,,,,,,1,1.04517088085413,1.21776206418872,0.147577200084925
8646,Wout Faes,Leicester,31,2790,1,2,13,9,4,1,D,1.10005226638168,0.571402262896299,,,,,,,,1,1.10005226638168,7.87264067865908,7.72976498119533
8780,Joël Veltman,Brighton,31,2215,1,1,14,10,6,0,D S,1.34155168756843,1.02003576792777,,,,,,,,1,1.34155168756843,10.2633928759024,9.93388237338513
8816,Liam Cooper,Leeds,18,1421,1,0,10,5,5,0,D S,0.952019684016705,0.422468911856413,,,,,,,,1,0.952019684016705,3.19565430283546,3.03563518822193
8970,Sékou Mara,Southampton,22,510,1,2,16,6,1,0,F S,1.04063989128917,1.06839019246399,,,,,,,,1,1.04063989128917,1.98980971705169,0.379237215034664
9453,Moisés Caicedo,Brighton,37,3135,1,1,27,43,10,0,D M S,1.23564342409372,2.64375414513051,,,,,,,,1,1.23564342409372,19.323802459985,16.5160589311272
9493,Sam Greenwood,Leeds,18,373,1,2,12,12,1,0,M S,0.690720200538635,0.901320088654757,,,,,,,,1,0.690720200538635,1.06520904973149,0.644886340945959
9662,Dango Ouattara,Bournemouth,19,1254,1,3,26,18,1,0,M S,3.2873998740688,2.41527165286243,,,,,,,,1,3.2873998740688,6.02286778297275,2.48516467958689
9667,Amadou Onana,Everton,33,2529,1,2,34,22,9,0,M S,3.08473477326334,2.06395796686411,,,,,,,,1,3.08473477326334,8.60186725854874,5.03261478245258
10004,Romeo Lavia,Southampton,29,2261,1,0,12,16,9,0,M S,0.263177807442844,0.51776569057256,,,,,,,,1,0.263177807442844,5.6587877124548,5.16324081644416
10012,Jakub Kiwior,Arsenal,7,426,1,0,1,1,0,0,D S,0.0984370782971382,0.0273778699338436,,,,,,,,1,0.0984370782971382,2.27252190373838,2.24514400027692
10293,Toti,Wolverhampton Wanderers,17,973,1,0,5,4,6,0,D S,0.235651974566281,0.184598222374916,,,,,,,,1,0.235651974566281,0.912410532124341,0.809213374741375
10536,Tetê,Leicester,13,756,1,0,15,6,0,0,F M S,1.85603823326528,0.386756304651499,,,,,,,,1,1.85603823326528,3.75114197842777,1.73947991617024
10723,Stefan Bajcetic,Liverpool,11,534,1,0,6,4,2,0,M S,0.958798827603459,0.750690996646881,,,,,,,,1,0.958798827603459,3.47816894948483,2.33419529907405
10744,Ryan Christie,Bournemouth,32,1857,1,1,33,29,2,0,F M S,2.72857531160116,2.0688769351691,,,,,,,,1,2.72857531160116,7.37087413854897,4.09514815732837
10751,Brenden Aaronson,Leeds,36,2415,1,3,41,45,2,0,F M S,3.94355343654752,3.36279389820993,,,,,,,,1,3.94355343654752,11.2950780838728,5.1621065158397
10756,Joe Worrall,Nottingham Forest,30,2210,1,0,7,4,6,0,D S,0.912319118157029,0.567169152200222,,,,,,,,1,0.912319118157029,4.25437852367759,3.96056863293052
10802,Lisandro Martínez,Manchester United,27,2123,1,0,10,6,6,0,D S,0.525170601904392,0.229321870952845,,,,,,,,1,0.525170601904392,8.25210016034544,8.18608504347503
11000,Matheus Nunes,Wolverhampton Wanderers,34,2507,1,1,28,27,2,0,M S,2.38039585016668,2.02820511627942,,,,,,,,1,2.38039585016668,6.00101482309401,2.80605127476156
11007,Fábio Vieira,Arsenal,22,468,1,2,15,12,0,0,M S,0.73787753097713,2.23883181996644,,,,,,,,1,0.73787753097713,5.43508604168892,3.24054012261331
11357,Noni Madueke,Chelsea,12,662,1,0,12,12,0,0,F M S,0.980380196124315,0.513928035274148,,,,,,,,1,0.980380196124315,3.67895220965147,2.43224985152483
11362,Facundo Buonanotte,Brighton,13,553,1,1,11,6,2,0,M S,1.08887613937259,0.584128703922033,,,,,,,,1,1.08887613937259,2.53638625703752,1.55114679224789
11363,Antoine Semenyo,Bournemouth,11,237,1,0,3,2,0,0,F M S,0.368431873619556,0.0759903937578201,,,,,,,,1,0.368431873619556,1.22402027994394,0.779598616063595
11384,João Gomes,Wolverhampton Wanderers,11,650,1,0,4,5,5,0,M S,0.205277324654162,0.122548140585423,,,,,,,,1,0.205277324654162,1.63486000522971,1.34949009306729
181,Bernd Leno,Fulham,36,3240,0,0,0,1,3,0,GK,0,0.0308126993477345,,,,,,,,0,0,2.49560258351266,2.46478958241642
229,Thiago Alcántara,Liverpool,18,1258,0,0,10,17,2,0,M S,0.397275761701167,1.40196732617915,,,,,,,,0,0.397275761701167,8.87740226835012,7.26174391619861
458,Steve Cook,Nottingham Forest,12,958,0,0,3,3,4,0,D S,0.163848597556353,0.796192765235901,,,,,,,,0,0.163848597556353,0.667590709403157,0.667590709403157
461,Matt Ritchie,Newcastle United,7,25,0,0,0,1,0,0,S,0,0.0817376971244812,,,,,,,,0,0,0.124439001083374,0.124439001083374
463,Junior Stanislas,Bournemouth,4,52,0,0,1,2,0,0,S,0.0267488993704319,0.0846412032842636,,,,,,,,0,0.0267488993704319,0.259927902370691,0.219472903758287
473,Danny Ward,Leicester,26,2340,0,0,0,0,0,0,GK,0,0,,,,,,,,0,0,2.575987175107,2.575987175107
489,James Milner,Liverpool,31,841,0,1,7,14,2,0,D M S,0.38700058683753,1.62151407264173,,,,,,,,0,0.38700058683753,5.00121629610658,3.9429658446461
496,Mohamed Elneny,Arsenal,5,107,0,0,0,0,0,0,M S,0,0,,,,,,,,0,0,0.666119992733002,0.666119992733002
508,Calum Chambers,Aston Villa,14,318,0,0,2,2,2,0,D S,0.0993134919553995,0.377897568047047,,,,,,,,0,0.0993134919553995,0.925580115988851,0.518437340855598
509,Wayne Hennessey,Nottingham Forest,4,271,0,0,0,0,0,0,GK S,0,0,,,,,,,,0,0,0.068341001868248,0.068341001868248
528,Angelo Ogbonna,West Ham,16,1235,0,0,3,3,0,0,D S,0.209211695939302,0.489394938573241,,,,,,,,0,0.209211695939302,1.70100717991591,1.1259163338691
534,Aaron Cresswell,West Ham,28,2231,0,1,9,40,3,0,D S,0.419035963714123,3.17385436780751,,,,,,,,0,0.419035963714123,6.40657946653664,5.81374342180789
546,David de Gea,Manchester United,38,3420,0,0,0,1,0,0,GK,0,0.0185502003878355,,,,,,,,0,0,6.57031828165054,6.55176827311516
558,Jesse Lingard,Nottingham Forest,17,937,0,0,10,11,1,0,F M S,0.697761908173561,0.431223088875413,,,,,,,,0,0.697761908173561,2.06845210492611,1.29530290514231
561,Joe Rothwell,Bournemouth,20,1028,0,1,3,8,1,0,M S,0.148828603327274,1.19823607802391,,,,,,,,0,0.148828603327274,2.3981422232464,2.12756450939924
584,Joel Robles,Leeds,4,360,0,0,0,0,1,0,GK,0,0,,,,,,,,0,0,0.0486088339239359,0.0486088339239359
603,Nathaniel Clyne,Crystal Palace,22,1644,0,0,0,7,3,0,D S,0,0.702158296480775,,,,,,,,0,0,2.41229919623584,2.20968969259411
605,Jordan Henderson,Liverpool,35,2084,0,2,23,31,2,0,M S,0.85945310164243,3.59260970912874,,,,,,,,0,0.85945310164243,13.0036640092731,10.2810264639556
633,James McArthur,Crystal Palace,4,42,0,0,0,0,0,0,S,0,0,,,,,,,,0,0,0.0612726211547852,0.0612726211547852
635,Alex McCarthy,Southampton,6,540,0,0,0,0,0,0,GK,0,0,,,,,,,,0,0,0.102236757054925,0.102236757054925
637,Hugo Lloris,Tottenham,25,2208,0,0,0,0,0,0,GK,0,0,,,,,,,,0,0,4.23726253025234,4.23726253025234
638,Kyle Walker,Manchester City,27,1957,0,0,5,6,3,0,D M S,0.325330697000027,0.208945628255606,,,,,,,,0,0.325330697000027,12.9828497953713,12.7940022833645
645,Dele Alli,Everton,2,26,0,0,0,0,0,0,S,0,0,,,,,,,,0,0,0,0
661,Josh Onomah,Fulham,2,11,0,0,0,0,0,0,S,0,0,,,,,,,,0,0,0,0
668,Idrissa Gueye,Everton,33,2638,0,1,15,12,7,0,M S,0.503446774557233,0.935957971028984,,,,,,,,0,0.503446774557233,7.16121602803469,5.98680549860001
681,César Azpilicueta,Chelsea,25,1511,0,0,9,13,3,0,D M S,0.326824609190226,1.43744694441557,,,,,,,,0,0.326824609190226,6.94354001805186,6.18900211527944
688,Ruben Loftus-Cheek,Chelsea,25,1550,0,1,9,15,1,0,D M S,0.856397295370698,1.75591588951647,,,,,,,,0,0.856397295370698,6.83301378693432,4.32735629659146
694,Asmir Begovic,Everton,1,90,0,0,0,0,0,0,GK,0,0,,,,,,,,0,0,0,0
706,Lukasz Fabianski,West Ham,36,3115,0,0,0,0,1,0,GK,0,0,,,,,,,,0,0,1.14108135551214,1.14108135551214
713,André Ayew,Nottingham Forest,13,286,0,0,4,1,1,0,F S,0.988400507718325,0.0331967063248157,,,,,,,,0,0.227231491357088,1.17443019896746,0.914002001285553
741,Jordan Pickford,Everton,37,3330,0,1,0,2,5,0,GK,0,0.312641799449921,,,,,,,,0,0,2.14735991880298,2.0791591219604
759,Daniel Amartey,Leicester,20,1615,0,0,6,5,1,0,D S,1.05401591211557,0.465026382356882,,,,,,,,0,1.05401591211557,3.99152530916035,3.8186524361372
766,Jamaal Lascelles,Newcastle United,7,200,0,0,2,0,2,0,D S,0.120240394026041,0,,,,,,,,0,0.120240394026041,0.383470997214317,0.383470997214317
767,Jack Colback,Nottingham Forest,11,480,0,0,0,2,0,0,M S,0,0.282247804105282,,,,,,,,0,0,0.57642400637269,0.31810400262475
769,Jonjo Shelvey,"Newcastle United,Nottingham Forest",11,565,0,0,6,6,1,0,M S,0.160453996621072,0.349151991307735,,,,,,,,0,0.160453996621072,0.970116509124637,0.832867605611682
770,Ayoze Pérez,Leicester,8,373,0,1,8,11,0,0,M S,0.842235818505287,1.50424760952592,,,,,,,,0,0.842235818505287,2.61279970407486,0.440800499171019
790,Nathan Redmond,Southampton,1,1,0,0,0,0,0,0,S,0,0,,,,,,,,0,0,0,0
807,Jonny Evans,Leicester,13,1057,0,0,1,1,1,0,D S,0.0843219012022018,0.0927421972155571,,,,,,,,0,0.0843219012022018,3.38040264137089,3.28766064532101
813,Salomón Rondón,Everton,7,96,0,0,4,2,0,0,F S,0.764765907078981,0.126521803438663,,,,,,,,0,0.764765907078981,0.944155905395746,0.0528680998831987
825,Adam Smith,Bournemouth,37,2957,0,1,5,16,11,0,D M S,0.976804211735725,1.40849332511425,,,,,,,,0,0.976804211735725,4.09709825925529,3.02608298510313
831,Fraser Forster,Tottenham,14,1212,0,0,0,0,1,0,GK S,0,0,,,,,,,,0,0,1.61634634621441,1.61634634621441
842,Oriol Romeu,Southampton,1,77,0,0,0,0,0,0,M,0,0,,,,,,,,0,0,0,0
847,Cédric Soares,"Arsenal,Fulham",8,213,0,0,2,2,0,0,D S,0.0555640272796154,0.13160278275609,,,,,,,,0,0.0555640272796154,0.424477055668831,0.365856252610683
884,Matt Targett,Newcastle United,17,575,0,0,1,10,1,0,D S,0.0252592992037535,0.397635890170932,,,,,,,,0,0.0252592992037535,1.6489808280021,1.52932323887944
978,Sam Johnstone,Crystal Palace,9,810,0,0,0,0,1,0,GK,0,0,,,,,,,,0,0,0.26689063757658,0.26689063757658
983,Kevin Mbabu,Fulham,6,138,0,1,0,2,1,0,D S,0,0.559538006782532,,,,,,,,0,0,0.665716927498579,0.106178399175406
985,Mason Holgate,Everton,8,505,0,0,4,6,1,1,D S,0.928406268358231,0.32372916303575,,,,,,,,0,0.928406268358231,1.32238132692873,1.0586145222187
987,Joseph Gomez,Liverpool,21,1443,0,0,7,1,3,0,D S,0.120236212387681,0.0427149012684822,,,,,,,,0,0.120236212387681,6.30587951652706,6.20889599993825
1042,Tom Davies,Everton,19,500,0,0,9,2,3,0,M S,1.31298577133566,0.133675199002028,,,,,,,,0,1.31298577133566,1.91327926330268,0.603860290721059
1078,Sergi Canos,Brentford,5,55,0,0,1,1,0,0,S,0.0599079988896847,0.0176229998469353,,,,,,,,0,0.0599079988896847,0.07753099873662,0
1257,Alisson,Liverpool,37,3330,0,1,0,1,1,0,GK,0,0.168625995516777,,,,,,,,0,0,9.28963835351169,9.12101234309375
1297,Neto,Bournemouth,27,2390,0,0,0,0,4,0,GK,0,0,,,,,,,,0,0,1.72156632691622,1.72156632691622
1299,Mario Lemina,Wolverhampton Wanderers,19,1325,0,1,9,3,2,1,M S,0.206482454203069,0.157049302011728,,,,,,,,0,0.206482454203069,1.87073758803308,1.60124525614083
1488,Remo Freuler,Nottingham Forest,28,2178,0,0,8,12,5,0,M S,0.33869849704206,0.486701801419258,,,,,,,,0,0.33869849704206,4.25900052860379,3.82594275381416
1537,Sasa Lukic,Fulham,12,401,0,0,5,0,1,0,M S,0.106689875945449,0,,,,,,,,0,0.106689875945449,0.806800149381161,0.769724279642105
1545,Emil Krafth,Newcastle United,1,1,0,0,0,0,0,0,S,0,0,,,,,,,,0,0,0,0
1677,Nathaniel Chalobah,Fulham,4,10,0,0,1,0,0,1,M S,0.0855346992611885,0,,,,,,,,0,0.0855346992611885,0,0
1683,Ryan Fraser,Newcastle United,8,309,0,0,6,5,1,0,F S,0.309316508471966,0.355423294007778,,,,,,,,0,0.309316508471966,0.546710297465324,0.195435497909784
1687,Harry Maguire,Manchester United,16,750,0,0,3,2,4,0,D S,0.148830831050873,0.38123219832778,,,,,,,,0,0.148830831050873,3.6848116889596,3.6848116889596
1688,Andrew Robertson,Liverpool,34,2609,0,8,13,52,3,0,D S,1.0899251960218,6.82085674442351,,,,,,,,0,1.0899251960218,13.1450724117458,10.3435052596033
1711,Adam Forshaw,Leeds,12,470,0,0,1,8,0,0,M S,0.0106636295095086,0.44256723113358,,,,,,,,0,0.0106636295095086,0.45917909219861,0.448515463620424
1719,Javier Manquillo,Newcastle United,4,25,0,0,0,0,0,0,S,0,0,,,,,,,,0,0,0.119776003062725,0.119776003062725
1735,Jack Stephens,"Bournemouth,Southampton",17,1215,0,0,2,3,3,0,D S,0.222591400146484,0.258811708539724,,,,,,,,0,0.222591400146484,1.86342485621572,1.67488835006952
1750,Ainsley Maitland-Niles,Southampton,22,1395,0,0,1,10,3,0,D M S,0.0137403002008796,0.483312433585525,,,,,,,,0,0.0137403002008796,3.21686096210033,3.12318362109363
1789,Lewis Cook,Bournemouth,28,1694,0,2,6,23,4,0,M S,0.183636961504817,2.30002715624869,,,,,,,,0,0.183636961504817,4.64721166342497,3.6932679861784
2163,Diego Llorente,Leeds,8,646,0,0,6,0,1,0,D S,0.301153801381588,0,,,,,,,,0,0.301153801381588,0.905353803187609,0.905353803187609
2190,Vicente Guaita,Crystal Palace,27,2430,0,0,0,0,1,0,GK,0,0,,,,,,,,0,0,1.40987520013005,1.40987520013005
2243,Keylor Navas,Nottingham Forest,17,1530,0,0,0,0,2,0,GK,0,0,,,,,,,,0,0,1.17756503820419,1.17756503820419
2245,Raphael Varane,Manchester United,24,1918,0,0,8,4,1,0,D S,0.911432646214962,0.14311769977212,,,,,,,,0,0.911432646214962,6.67214923352003,6.56157923489809
2310,Alphonse Areola,West Ham,5,305,0,0,0,0,0,0,GK S,0,0,,,,,,,,0,0,0.16457169316709,0.16457169316709
2498,Aymeric Laporte,Manchester City,12,993,0,0,10,6,0,0,D S,0.752423741854727,0.212882986292243,,,,,,,,0,0.752423741854727,3.62400713004172,3.52560625970364
2674,Thilo Kehrer,West Ham,27,2228,0,2,8,8,4,0,D S,0.654550208710134,0.711917121894658,,,,,,,,0,0.654550208710134,4.62719492614269,4.0061189122498
3278,Maxwel Cornet,West Ham,14,216,0,0,9,1,0,0,M S,1.09247945807874,0.0942045971751213,,,,,,,,0,1.09247945807874,1.47741994820535,0.290735501796007
3288,Thiago Silva,Chelsea,27,2352,0,2,15,5,2,0,D S,1.44379933830351,0.573215376585722,,,,,,,,0,1.44379933830351,6.40734077617526,5.88273594342172
3298,Layvin Kurzawa,Fulham,3,138,0,0,0,0,1,0,D S,0,0,,,,,,,,0,0,0,0
3420,Fabinho,Liverpool,36,2691,0,2,18,17,11,0,M S,0.653306727297604,2.6878671431914,,,,,,,,0,0.653306727297604,15.3465314190835,13.4092330094427
3422,João Moutinho,Wolverhampton Wanderers,31,1778,0,2,16,36,3,0,M S,0.937950813211501,2.34691950678825,,,,,,,,0,0.937950813211501,4.73336876276881,3.64670565072447
3696,Morgan Sanson,Aston Villa,2,2,0,0,0,0,0,0,S,0,0,,,,,,,,0,0,0,0
4105,Raúl Jiménez,Wolverhampton Wanderers,15,842,0,1,20,9,0,0,F S,2.71133773587644,1.50507958233356,,,,,,,,0,2.71133773587644,4.2127504311502,1.01350749842823
4120,Álex Moreno,Aston Villa,19,1346,0,3,13,21,3,0,D S,0.62196458876133,2.47616658359766,,,,,,,,0,0.62196458876133,6.16019762400538,4.47514212783426
4381,Mateusz Klich,Leeds,14,224,0,0,4,5,2,0,S,0.173007797449827,0.288655199110508,,,,,,,,0,0.173007797449827,1.23949298448861,0.928547788411379
4401,Emiliano Martinez,Aston Villa,36,3143,0,0,0,2,7,0,GK,0,0.13986499607563,,,,,,,,0,0,5.82639910653234,5.68653410859406
5050,Clement Lenglet,Tottenham,26,2039,0,2,13,6,3,0,D S,0.960752010345459,0.707438267767429,,,,,,,,0,0.960752010345459,8.31999431923032,8.15193629264832
5061,Kepa,Chelsea,29,2567,0,0,0,0,1,0,GK,0,0,,,,,,,,0,0,4.026800500229,4.026800500229
5247,Naby Keita,Liverpool,8,290,0,0,10,8,1,0,M S,0.431854987516999,0.730912998318672,,,,,,,,0,0.431854987516999,1.48483802378178,0.373782806098461
5248,Marcel Sabitzer,Manchester United,11,635,0,1,11,10,1,0,M S,0.69795048609376,1.36411651223898,,,,,,,,0,0.69795048609376,4.19324340298772,3.0633304938674
5360,Weston McKennie,Leeds,19,1450,0,1,13,13,7,0,M S,0.590064475312829,0.70547066628933,,,,,,,,0,0.590064475312829,2.81411707960069,1.99333081394434
5545,Wilfred Ndidi,Leicester,27,1691,0,0,7,3,4,0,D M S,0.151561598293483,0.0530797010287643,,,,,,,,0,0.151561598293483,2.46055878512561,2.33126471750438
5549,Luka Milivojevic,Crystal Palace,18,489,0,0,7,2,2,0,M S,0.241635030135512,0.151348797604442,,,,,,,,0,0.241635030135512,0.940002623945475,0.796458877623081
5552,Nick Pope,Newcastle United,37,3261,0,0,0,1,3,1,GK,0,0.0174218993633986,,,,,,,,0,0,6.25609092600644,6.23866085894406
5584,Aaron Wan-Bissaka,Manchester United,19,1436,0,0,10,15,2,0,D S,1.17131679877639,1.15347466059029,,,,,,,,0,1.17131679877639,7.75533126294613,6.90122390165925
5603,Aaron Ramsdale,Arsenal,38,3420,0,0,0,0,1,0,GK,0,0,,,,,,,,0,0,5.10353352501988,5.10353352501988
5609,Yves Bissouma,Tottenham,23,988,0,0,6,8,6,0,M S,0.129459635354579,0.440051438286901,,,,,,,,0,0.129459635354579,4.43950856663287,4.14098034054041
5646,Cafú,Nottingham Forest,1,3,0,0,0,0,0,0,S,0,0,,,,,,,,0,0,0,0
5712,Diego Carlos,Aston Villa,3,203,0,0,4,1,0,0,D S,0.739179784432054,0.0345584973692894,,,,,,,,0,0.739179784432054,0.340903704985976,0.323349905200303
5789,Boubacar Kamara,Aston Villa,24,1790,0,1,4,7,4,0,M S,0.0835402803495526,0.693299115635455,,,,,,,,0,0.0835402803495526,4.04931667819619,3.75861130282283
5989,Moussa Niakhate,Nottingham Forest,14,1170,0,0,6,1,1,0,D,1.25359912682325,0.0697230026125908,,,,,,,,0,1.25359912682325,1.22047372534871,1.22047372534871
6027,Jairo Riedewald,Crystal Palace,6,50,0,0,1,0,0,0,S,0.0538971312344074,0,,,,,,,,0,0.0538971312344074,0.0549407005310059,0.0549407005310059
6030,Zanka,Brentford,18,1082,0,0,5,3,2,0,D S,0.401946980506182,0.239382386207581,,,,,,,,0,0.401946980506182,2.81215795315802,2.58340360410511
6042,Jan Bednarek,"Aston Villa,Southampton",23,1772,0,0,8,3,5,0,D S,0.344223959371448,0.147296797484159,,,,,,,,0,0.344223959371448,1.48353565856814,1.47078525833786
6047,Shane Duffy,Fulham,5,16,0,0,1,0,0,0,S,0.0223742593079805,0,,,,,,,,0,0.0223742593079805,0,0
6054,Ederson,Manchester City,35,3150,0,1,0,1,3,0,GK,0,0.285564988851547,,,,,,,,0,0,10.6718114633113,10.6718114633113
6080,Victor Lindelöf,Manchester United,20,1350,0,0,3,3,1,0,D S,0.23235159739852,0.0846685543656349,,,,,,,,0,0.23235159739852,7.23647167161107,7.14671314880252
6083,Ludwig Augustinsson,Aston Villa,3,74,0,0,2,0,1,0,D S,0.0730345025658608,0,,,,,,,,0,0.0730345025658608,0.0804667994379997,0.0261832997202873
6147,Denis Zakaria,Chelsea,7,417,0,0,2,1,0,0,M S,0.239911004900932,0.0211979001760483,,,,,,,,0,0.239911004900932,1.31507898494601,1.05397107824683
6163,Nélson Semedo,Wolverhampton Wanderers,36,2646,0,1,9,11,11,1,D S,0.785526866093278,0.653034621849656,,,,,,,,0,0.785526866093278,3.58611476235092,2.26656927913427
6249,Davinson Sánchez,Tottenham,18,845,0,0,6,2,1,0,D S,0.304233281873167,0.140836462378502,,,,,,,,0,0.304233281873167,2.79235272295773,2.64300127699971
6273,Robin Koch,Leeds,36,3186,0,0,17,6,7,0,D M,1.05942617356777,0.272085474804044,,,,,,,,0,1.05942617356777,4.4640304222703,3.88011746294796
6310,Boubakary Soumare,Leicester,26,1640,0,0,1,11,9,0,M S,0.0206572990864515,0.285427564755082,,,,,,,,0,0.0206572990864515,3.21026462689042,3.00594401918352
6326,Ibrahima Konaté,Liverpool,18,1545,0,0,11,1,5,0,D S,1.56102328840643,0.266728550195694,,,,,,,,0,1.56102328840643,4.7838361337781,4.11389223486185
6329,Harry Souttar,Leicester,12,991,0,1,8,3,2,0,D S,1.30528099089861,0.15115449950099,,,,,,,,0,1.30528099089861,2.28666050359607,2.09497349336743
6382,Pedro Neto,Wolverhampton Wanderers,18,993,0,0,17,20,1,0,D F M S,1.10677046049386,2.70740402676165,,,,,,,,0,1.10677046049386,4.88989307172596,2.71013450622559
6424,Ben Johnson,West Ham,17,845,0,0,2,3,0,0,D S,0.0838250741362572,0.236827991902828,,,,,,,,0,0.0838250741362572,2.51894284039736,2.19828867353499
6490,Manuel Akanji,Manchester City,29,2272,0,1,15,7,2,0,D S,1.06936609186232,0.280844174325466,,,,,,,,0,1.06936609186232,12.9470705315471,12.8248455300927
6532,Martin Dubravka,Newcastle United,2,157,0,0,0,0,0,0,GK S,0,0,,,,,,,,0,0,0.642907023429871,0.642907023429871
6615,Trevoh Chalobah,Chelsea,25,1598,0,0,9,4,4,0,D S,0.794922359287739,0.199771475046873,,,,,,,,0,0.794922359287739,7.10205785185099,7.01872900873423
6656,Sergio Gómez,Manchester City,12,326,0,1,7,5,0,0,M S,0.313859896734357,0.445868024602532,,,,,,,,0,0.313859896734357,2.0659322142601,1.64885329455137
6736,Ibrahima Diallo,Southampton,18,821,0,0,6,4,4,0,M S,0.137851697392762,0.1038510017097,,,,,,,,0,0.137851697392762,1.52892120555043,1.36427519097924
6820,David Brooks,Bournemouth,6,166,0,0,5,2,1,0,M S,0.244563912041485,0.181990131735802,,,,,,,,0,0.244563912041485,0.524076472967863,0.213392667472363
6840,Neeskens Kebano,Fulham,17,770,0,3,9,13,0,0,M S,0.755216788500547,1.57244772929698,,,,,,,,0,0.755216788500547,2.50496757775545,0.715398207306862
6850,Willy Boly,Nottingham Forest,11,687,0,1,2,1,2,0,D S,0.0699901822954416,0.117637999355793,,,,,,,,0,0.0699901822954416,0.636554889380932,0.636554889380932
6856,Rúben Vinagre,Everton,2,13,0,0,0,0,0,0,S,0,0,,,,,,,,0,0,0,0
6880,Edouard Mendy,Chelsea,10,853,0,0,0,0,1,0,GK S,0,0,,,,,,,,0,0,1.13554924912751,1.13554924912751
6891,Ryan Fredericks,Bournemouth,12,524,0,0,0,1,1,0,D S,0,0.0990857034921646,,,,,,,,0,0,0.632564287632704,0.533478286117315
6923,Mohammed Salisu,Southampton,22,1973,0,1,19,7,5,0,D S,1.60581983067095,0.611573909409344,,,,,,,,0,1.60581983067095,5.88230786286294,5.37975259684026
6937,Georginio Rutter,Leeds,11,238,0,1,4,5,0,0,F S,0.249450977891684,0.419255316257477,,,,,,,,0,0.249450977891684,0.477778896689415,0
6962,Robin Olsen,Aston Villa,4,277,0,0,0,0,0,0,GK S,0,0,,,,,,,,0,0,0.0297717992216349,0.0297717992216349
6986,Hamed Junior Traore,Bournemouth,7,435,0,0,6,14,0,0,M S,0.735479479655623,0.843979720026255,,,,,,,,0,0.735479479655623,2.77353683486581,1.67352163232863
7052,Wout Weghorst,Manchester United,17,798,0,1,14,14,1,0,F M S,2.22134040296078,1.12860723864287,,,,,,,,0,2.22134040296078,4.87947692722082,2.34012443944812
7069,Saman Ghoddos,Brentford,15,93,0,0,1,4,0,0,S,0.0554910004138947,0.264437980949879,,,,,,,,0,0.0554910004138947,0.963206484913826,0.929536262527108
7134,Marc Cucurella,Chelsea,24,1682,0,2,7,11,4,0,D M S,0.354860199615359,1.01814269460738,,,,,,,,0,0.354860199615359,7.76440688315779,7.25577477458864
7218,Cristian Romero,Tottenham,27,2367,0,1,11,8,9,1,D S,0.859663300216198,0.888403657823801,,,,,,,,0,0.859663300216198,11.6031640246511,11.2027294188738
7230,Emile Smith-Rowe,Arsenal,12,132,0,2,4,6,0,0,S,0.329483706504107,1.04296496883035,,,,,,,,0,0.329483706504107,0.767895713448525,0.170241806656122
7235,Jason Steele,Brighton,15,1350,0,1,0,1,1,0,GK,0,0.188815996050835,,,,,,,,0,0,2.53623040020466,2.34741440415382
7236,Leander Dendoncker,"Aston Villa,Wolverhampton Wanderers",24,888,0,0,5,7,0,0,M S,0.586190419271588,0.665088292211294,,,,,,,,0,0.586190419271588,3.37846475094557,2.79711768217385
7239,Conor Coventry,West Ham,1,1,0,0,0,0,0,0,S,0,0,,,,,,,,0,0,0,0
7280,Yan Valery,Southampton,1,48,0,0,0,0,0,0,D,0,0,,,,,,,,0,0,0,0
7282,Giulian Biancone,Nottingham Forest,2,13,0,0,0,0,0,0,S,0,0,,,,,,,,0,0,0.0686174035072327,0.0686174035072327
7332,Max Kilman,Wolverhampton Wanderers,37,3310,0,0,14,4,3,0,D,1.48718236852437,0.192339157685637,,,,,,,,0,1.48718236852437,5.12834162451327,4.97854402475059
7338,Bryan Gil Salvatierra,Tottenham,4,148,0,1,2,2,1,0,F M S,0.0724655985832214,0.273479595780373,,,,,,,,0,0.0724655985832214,0.900436997413635,0.554491996765137
7352,Tyler Adams,Leeds,24,2159,0,0,4,24,4,1,M,0.0683434996753931,1.37040571309626,,,,,,,,0,0.0683434996753931,6.95355297625065,5.69552486948669
7366,Maximilian Wöber,Leeds,16,1263,0,0,9,6,3,0,D S,0.464545956812799,0.742159578949213,,,,,,,,0,0.464545956812799,2.01960830204189,1.42752201110125
7384,Chris Mepham,Bournemouth,26,2197,0,0,8,4,7,0,D S,0.501020742580295,0.200029703788459,,,,,,,,0,0.501020742580295,1.91723651252687,1.74402990657836
7438,James Garner,Everton,16,777,0,1,9,7,3,0,D M S,0.828309344127774,0.445081692188978,,,,,,,,0,0.828309344127774,1.71932474151254,0.906128855422139
7582,Mark Travers,Bournemouth,12,1030,0,0,0,0,0,0,GK S,0,0,,,,,,,,0,0,0.755774348974228,0.755774348974228
7689,Ben Godfrey,Everton,13,799,0,1,6,3,2,0,D S,0.715948097407818,0.148697301745415,,,,,,,,0,0.715948097407818,0.383764199912548,0.124217394739389
7691,Jamal Lewis,Newcastle United,2,4,0,0,0,0,0,0,S,0,0,,,,,,,,0,0,0,0
7699,Adam Webster,Brighton,27,2000,0,0,18,6,2,0,D S,1.53400270268321,0.518948217853904,,,,,,,,0,1.53400270268321,9.7150968182832,9.18999840505421
7701,Moussa Djenepo,Southampton,16,695,0,2,3,9,1,0,D M S,0.243377797305584,0.562239672988653,,,,,,,,0,0.243377797305584,1.89186706021428,1.25558311492205
7702,Dean Henderson,Nottingham Forest,18,1620,0,0,0,0,2,0,GK,0,0,,,,,,,,0,0,1.23166721314192,1.23166721314192
7726,Ezri Konsa Ngoyo,Aston Villa,38,3325,0,0,8,8,6,0,D S,0.806101398542523,1.45130428951234,,,,,,,,0,0.806101398542523,10.9209233252332,10.3464589295909
7753,James Justin,Leicester,14,1257,0,0,5,7,0,0,D,0.144847001880407,0.305656602606177,,,,,,,,0,0.144847001880407,3.2727428637445,2.88955816626549
7823,Jack Stacey,Bournemouth,10,288,0,0,1,0,2,0,D S,0.0468770004808903,0,,,,,,,,0,0.0468770004808903,0.193764999508858,0.146887999027967
7891,Renan Lodi,Nottingham Forest,28,2236,0,1,15,13,7,0,D M S,0.751506220549345,1.3187304046005,,,,,,,,0,0.751506220549345,2.76484116725624,1.81085284613073
7904,Caoimhin Kelleher,Liverpool,1,90,0,0,0,0,0,0,GK,0,0,,,,,,,,0,0,0,0
7921,Felipe,Nottingham Forest,16,1427,0,1,13,7,4,0,D S,1.24648326449096,1.50242801755667,,,,,,,,0,1.24648326449096,2.32242552749813,2.181839203462
7931,Takehiro Tomiyasu,Arsenal,21,632,0,1,3,4,2,0,D S,0.144634602591395,0.600876610726118,,,,,,,,0,0.144634602591395,2.29255849868059,2.11988970637321
7988,Billy Gilmour,Brighton,14,515,0,1,6,2,1,0,M S,0.364432066679001,0.361798897385597,,,,,,,,0,0.364432066679001,4.02355497330427,3.33710602298379
8089,Kieran Tierney,Arsenal,27,733,0,1,7,4,0,0,D S,0.303846972994506,0.289752099663019,,,,,,,,0,0.303846972994506,3.40417211316526,2.85297090932727
8090,Lloyd Kelly,Bournemouth,23,2044,0,2,3,7,3,0,D,0.122739101760089,0.394080090336502,,,,,,,,0,0.122739101760089,2.42196388356388,2.3361715786159
8119,Boubacar Traore,Wolverhampton Wanderers,10,399,0,1,3,1,2,0,M S,0.0458009000867605,0.332991987466812,,,,,,,,0,0.0458009000867605,1.03758869320154,0.671033684164286
8214,Tyrick Mitchell,Crystal Palace,36,2903,0,2,6,15,5,1,D S,0.896218620240688,1.54522120021284,,,,,,,,0,0.896218620240688,8.26019962318242,6.36465339176357
8222,Japhet Tanganga,Tottenham,4,153,0,0,0,0,0,0,D S,0,0,,,,,,,,0,0,0.0585754998028278,0.0585754998028278
8226,Tariq Lamptey,Brighton,20,414,0,0,5,4,1,0,D S,0.208495501428843,0.196183295920491,,,,,,,,0,0.208495501428843,2.68179092183709,2.47006110474467
8228,Nathaniel Phillips,Liverpool,2,67,0,0,1,0,0,0,D S,0.0313891991972923,0,,,,,,,,0,0.0313891991972923,0.385634988546371,0.385634988546371
8430,Chris Richards,Crystal Palace,9,432,0,0,4,1,0,0,D S,0.692285127937794,0.452221989631653,,,,,,,,0,0.692285127937794,0.334728188812733,0.334728188812733
8458,Harvey White,Tottenham,1,3,0,0,0,0,0,0,S,0,0,,,,,,,,0,0,0,0
8497,Cole Palmer,Manchester City,14,336,0,1,11,5,1,0,F M S,0.913382014259696,0.633636924438179,,,,,,,,0,0.913382014259696,2.08189308829606,0.817589621990919
8562,Luke Thomas,Leicester,17,1064,0,0,3,4,3,0,D S,0.0825991313904524,0.599913535639644,,,,,,,,0,0.0825991313904524,3.16586427390575,2.78375612944365
8635,Sven Botman,Newcastle United,36,3141,0,0,22,9,2,0,D S,2.44592945929617,0.937849756330252,,,,,,,,0,2.44592945929617,6.93428998999298,6.85584563575685
8666,Cheick Oumar Doucoure,Crystal Palace,34,2825,0,3,36,26,8,1,M,0.997593351639807,2.03014408051968,,,,,,,,0,0.997593351639807,8.89986949879676,7.77550439443439
8704,Marek Rodák,Fulham,2,180,0,0,0,0,0,0,GK,0,0,,,,,,,,0,0,0,0
8715,Illan Meslier,Leeds,34,3060,0,0,1,0,3,0,GK,0.0571881011128426,0,,,,,,,,0,0.0571881011128426,1.4994192942977,1.4994192942977
8719,Kalvin Phillips,Manchester City,12,275,0,0,6,3,1,0,M S,0.244490776211023,0.136385791003704,,,,,,,,0,0.244490776211023,1.34826242737472,1.11627775803208
8786,Stefan Ortega Moreno,Manchester City,3,270,0,0,0,0,0,0,GK,0,0,,,,,,,,0,0,0.421933740377426,0.421933740377426
8812,Sasa Kalajdzic,Wolverhampton Wanderers,1,48,0,0,1,0,0,0,F,0.519478023052216,0,,,,,,,,0,0.519478023052216,0,0
8821,Donny van de Beek,Manchester United,7,157,0,0,2,3,0,0,M S,0.08036869764328,0.128837699070573,,,,,,,,0,0.08036869764328,1.02364928647876,0.874848090112209
8852,Konstantinos Tsimikas,Liverpool,20,754,0,4,7,18,3,0,D S,0.608390899375081,1.39765094220638,,,,,,,,0,0.608390899375081,3.37953365314752,2.68155944999307
8859,Mikkel Damsgaard,Brentford,26,963,0,0,12,11,4,0,F M S,2.6603582650423,1.74361313600093,,,,,,,,0,2.6603582650423,5.63767113443464,2.2835514806211
8864,Matthew Cash,Aston Villa,26,1822,0,1,7,8,4,0,D M S,0.166670700535178,0.467599395662546,,,,,,,,0,0.166670700535178,5.98669388517737,5.53050799667835
8940,Antonee Robinson,Fulham,35,3088,0,1,3,21,8,0,D,0.0579266995191574,1.02359161525965,,,,,,,,0,0.0579266995191574,8.39281440060586,7.63532301876694
8942,Aaron Hickey,Brentford,26,1958,0,1,11,6,7,0,D S,0.316712930798531,0.622122690081596,,,,,,,,0,0.316712930798531,2.54989683069289,2.00080207362771
8961,Rúben Dias,Manchester City,26,2006,0,0,10,3,3,0,D S,1.93559100013226,0.394247569143772,,,,,,,,0,1.93559100013226,12.8524640724063,12.4929740950465
8965,Vladimir Coufal,West Ham,27,2148,0,1,6,25,5,0,D S,0.180639748461545,2.27555359899998,,,,,,,,0,0.180639748461545,4.77406069822609,3.43788149580359
8992,Hakim Ziyech,Chelsea,18,630,0,3,16,14,1,0,D F M S,0.591385936364532,2.54911146126688,,,,,,,,0,0.591385936364532,3.10172960069031,1.54645397048444
9021,Pape Sarr,Tottenham,11,200,0,1,2,2,1,0,M S,0.0562562998384237,0.566041696816683,,,,,,,,0,0.0562562998384237,1.86120669916272,1.2539500053972
9098,Robert Sánchez,Brighton,23,2070,0,0,0,0,2,0,GK,0,0,,,,,,,,0,0,2.58713457360864,2.58713457360864
9154,Elliot Anderson,Newcastle United,22,353,0,1,11,9,0,0,M S,1.1292364411056,1.56049449183047,,,,,,,,0,1.1292364411056,3.58939111419022,1.59979262575507
9156,Kevin Schade,Brentford,18,720,0,1,12,8,2,0,F S,1.38349198922515,1.55425140634179,,,,,,,,0,1.38349198922515,3.83364683575928,1.17572354152799
9274,Naouirou Ahamada,Crystal Palace,8,73,0,0,3,2,1,0,S,0.182050397619605,0.0916864015161991,,,,,,,,0,0.182050397619605,0.215935200452805,0.0250358004122972
9324,Facundo Pellistri,Manchester United,4,48,0,0,0,0,0,0,S,0,0,,,,,,,,0,0,0.557736307382584,0.557736307382584
9339,Joe Gelhardt,Leeds,15,177,0,2,10,2,1,0,F S,0.982833812013269,0.731904000043869,,,,,,,,0,0.982833812013269,1.78961379081011,0.891036903485656
9356,Carney Chukwuemeka,Chelsea,14,323,0,0,5,8,0,0,M S,0.280784459784627,0.517974320799112,,,,,,,,0,0.280784459784627,2.44938236474991,1.88739166781306
9470,Isaac Price,Everton,1,30,0,0,0,1,1,0,S,0,0.0322885997593403,,,,,,,,0,0,0.0322885997593403,0
9499,Cody Drameh,Leeds,1,74,0,0,0,0,0,0,D,0,0,,,,,,,,0,0,0.13459900021553,0.13459900021553
9512,Valentino Livramento,Southampton,2,19,0,0,0,0,0,0,S,0,0,,,,,,,,0,0,0,0
9524,Anthony Elanga,Manchester United,16,408,0,1,10,6,0,0,M S,1.20886239781976,1.14363299310207,,,,,,,,0,1.20886239781976,3.72418383136392,1.8017782215029
9552,Tyrese Francois,Fulham,1,1,0,0,0,0,0,0,S,0,0,,,,,,,,0,0,0,0
9676,David Raya,Brentford,38,3420,0,0,1,2,1,0,GK,0.103917002677917,0.158175401389599,,,,,,,,0,0.103917002677917,2.42919234372675,2.27101695723832
9677,Kristoffer Ajer,Brentford,9,781,0,0,1,1,0,0,D,0.0230815000832081,0.0165113992989063,,,,,,,,0,0.0230815000832081,1.53378619998693,1.53378619998693
9679,Rico Henry,Brentford,37,3260,0,2,22,23,4,0,D,1.94525550212711,3.06207872182131,,,,,,,,0,1.94525550212711,9.57805674150586,5.39934406057
9681,Frank Onyeka,Brentford,21,823,0,2,9,7,0,0,M S,1.30041953269392,0.900364110246301,,,,,,,,0,1.30041953269392,3.75106398854405,1.77875119075179
9683,Mads Bech Sørensen,Brentford,4,13,0,0,0,0,0,0,S,0,0,,,,,,,,0,0,0.0145397996529937,0.0145397996529937
9685,Mads Roerslev,Brentford,20,1089,0,0,3,8,0,0,D S,0.393490791320801,1.84592605754733,,,,,,,,0,0.393490791320801,2.63931388221681,1.45264023728669
9686,Halil Dervisoglu,Brentford,1,5,0,0,2,0,0,0,S,0.0668924003839493,0,,,,,,,,0,0.0668924003839493,0.0668924003839493,0
9689,Albert Sambi Lokonga,"Arsenal,Crystal Palace",15,732,0,0,2,2,2,0,M S,0.130704551935196,0.0456785000860691,,,,,,,,0,0.130704551935196,0.748029349371791,0.60003219358623
9710,Armel Bella Kotchap,Southampton,24,1890,0,2,14,6,4,0,D,1.27026414684951,1.4630886502564,,,,,,,,0,1.27026414684951,4.83756795525551,3.89722553268075
9733,Nathan Collins,Wolverhampton Wanderers,26,1788,0,0,3,2,2,1,D S,0.120712280273438,0.0746328979730606,,,,,,,,0,0.120712280273438,3.11156253516674,3.0369299352169
9734,Enock Mwepu,Brighton,6,205,0,1,2,3,0,0,F M S,0.0766704007983208,0.452264195308089,,,,,,,,0,0.0766704007983208,1.03319421969354,0.653810178861022
9740,José Sá,Wolverhampton Wanderers,36,3240,0,0,0,0,2,0,GK,0,0,,,,,,,,0,0,1.55351885780692,1.55351885780692
9741,Chem Campbell,Wolverhampton Wanderers,5,55,0,0,2,0,0,0,S,0.0622584000229836,0,,,,,,,,0,0.0622584000229836,0.0722723975777626,0.0300198998302221
9912,Cameron Archer,Aston Villa,6,31,0,0,0,0,0,0,S,0,0,,,,,,,,0,0,0,0
9914,Shandon Baptiste,Brentford,23,568,0,1,4,10,1,1,M S,0.184569239616394,1.07901896722615,,,,,,,,0,0.184569239616394,1.52744083479047,0.889383669942617
10036,Jeremy Sarmiento,Brighton,9,156,0,1,5,2,1,0,M S,0.274500699713826,0.200813993811607,,,,,,,,0,0.274500699713826,1.28804180212319,0.812727190554142
10072,Samuel Edozie,Southampton,17,540,0,0,8,8,0,0,F M S,1.08509691990912,0.316554751247168,,,,,,,,0,1.08509691990912,2.7462167609483,1.46205349825323
10140,Hugo Bueno,Wolverhampton Wanderers,21,1320,0,1,4,15,1,0,D S,0.112454399466515,1.07081824168563,,,,,,,,0,0.112454399466515,2.26001854427159,1.59962795116007
10168,Lewis Brunt,Leicester,1,21,0,0,0,0,0,0,S,0,0,,,,,,,,0,0,0,0
10216,Lewis Hall,Chelsea,9,669,0,0,11,15,1,0,D M S,0.962137265130878,2.48338040336967,,,,,,,,0,0.962137265130878,4.23659693449736,2.14784214273095
10291,Vitalii Mykolenko,Everton,34,2651,0,0,10,18,4,0,D S,0.695469914935529,1.0392506159842,,,,,,,,0,0.695469914935529,5.12112920545042,3.66646491736174
10292,Nathan Patterson,Everton,19,1272,0,0,8,6,3,0,D S,0.827538598328829,0.712729370221496,,,,,,,,0,0.827538598328829,3.07256729155779,2.22158291935921
10348,Omari Hutchinson,Chelsea,1,20,0,0,0,0,0,0,S,0,0,,,,,,,,0,0,0.059926699846983,0.059926699846983
10453,Odeluga Offiah,Brighton,2,17,0,0,0,0,0,0,S,0,0,,,,,,,,0,0,0.0801775380969048,0.0801775380969048
10579,Matthew Craig,Tottenham,1,11,0,0,0,0,0,0,S,0,0,,,,,,,,0,0,0,0
10698,Malcolm Ebiowei,Crystal Palace,3,26,0,0,0,0,0,0,S,0,0,,,,,,,,0,0,0.0385116003453732,0.0385116003453732
10718,Jay Stansfield,Fulham,3,85,0,0,2,1,0,0,M S,0.173016995191574,0.0589650012552738,,,,,,,,0,0.173016995191574,0.231981992721558,0
10719,Luke Harris,Fulham,3,6,0,0,0,0,0,0,S,0,0,,,,,,,,0,0,0.0878236964344978,0.0878236964344978
10740,Jordan Zemura,Bournemouth,19,1465,0,1,4,18,1,0,D M S,0.346290990710258,2.14239261392504,,,,,,,,0,0.346290990710258,3.51351362187415,1.20881700981408
10742,Ben Pearson,Bournemouth,7,285,0,0,2,0,1,0,M S,0.0565079990774393,0,,,,,,,,0,0.0565079990774393,0.189269103109837,0.132760901004076
10745,Emiliano Marcondes,Bournemouth,1,6,0,0,0,0,0,0,S,0,0,,,,,,,,0,0,0,0
10749,Siriki Dembélé,Bournemouth,6,93,0,0,2,4,0,0,S,0.107763500884175,0.260487005114555,,,,,,,,0,0.107763500884175,0.403281398117542,0.163752097636461
10752,Darko Gyabi,Leeds,1,5,0,0,1,0,0,0,S,0.0653707012534142,0,,,,,,,,0,0.0653707012534142,0.0653707012534142,0
10753,Connor Ronan,Wolverhampton Wanderers,1,1,0,0,0,0,0,0,S,0,0,,,,,,,,0,0,0,0
10755,Joseph Hodge,Wolverhampton Wanderers,6,162,0,0,2,1,1,0,M S,0.23239728808403,0.0711171999573708,,,,,,,,0,0.23239728808403,0.409674488008022,0.243970885872841
10757,Scott McKenna,Nottingham Forest,20,1568,0,0,2,8,4,0,D S,0.072630500420928,0.856797482818365,,,,,,,,0,0.072630500420928,3.30942829698324,2.50034951046109
10758,Harry Toffolo,Nottingham Forest,19,922,0,0,6,5,2,0,D M S,0.218276794999838,0.490984201431274,,,,,,,,0,0.218276794999838,2.41266360133886,1.94619599543512
10761,Alex Mighten,Nottingham Forest,1,5,0,0,0,0,0,0,S,0,0,,,,,,,,0,0,0,0
10764,Djed Spence,Tottenham,4,4,0,0,1,0,0,0,S,0.114108003675938,0,,,,,,,,0,0.114108003675938,0.114108003675938,0
10765,Gavin Bazunu,Southampton,32,2880,0,0,0,1,0,0,GK,0,0.0428376011550427,,,,,,,,0,0,3.41828918457031,3.37545118480921
10803,Tyrell Malacia,Manchester United,22,1376,0,0,5,9,6,0,D S,0.168058998882771,0.747232485562563,,,,,,,,0,0.168058998882771,6.35073269158602,5.69133578240871
10805,Levi Colwill,Brighton,17,1213,0,2,8,7,1,0,D S,1.58304637856781,0.609875680878758,,,,,,,,0,1.58304637856781,5.23113244771957,4.78831319883466
10807,Jan Paul van Hecke,Brighton,8,288,0,0,2,0,2,0,D S,0.5538489818573,0,,,,,,,,0,0.5538489818573,0.298871804028749,0.279593404382467
10808,Daniel Iversen,Leicester,12,1080,0,0,0,0,0,0,GK,0,0,,,,,,,,0,0,1.56471249088645,1.56471249088645
10809,Keane Lewis-Potter,Brentford,10,307,0,1,7,5,0,0,F S,0.677509682253003,1.42930180579424,,,,,,,,0,0.677509682253003,1.1727796997875,0.048700999468565
10845,Flynn Downes,West Ham,21,738,0,0,4,2,2,0,M S,0.324122622609138,0.0507442839443684,,,,,,,,0,0.324122622609138,1.10482819192112,0.853048780933023
10847,Rico Lewis,Manchester City,14,904,0,0,5,11,1,0,D M S,0.200317582115531,1.37910916469991,,,,,,,,0,0.200317582115531,6.51468688249588,5.57196941971779
10865,Jamal Lowe,Bournemouth,2,9,0,0,0,0,0,0,S,0,0,,,,,,,,0,0,0,0
10997,Bobby Clark,Liverpool,1,5,0,0,0,0,0,0,S,0,0,,,,,,,,0,0,0,0
11003,Ryan Yates,Nottingham Forest,26,1842,0,2,26,7,5,0,M S,1.74202617164701,1.06176440417767,,,,,,,,0,1.74202617164701,3.50495539605618,1.53881606645882
11005,Joseph Whitworth,Crystal Palace,2,180,0,0,0,0,0,0,GK,0,0,,,,,,,,0,0,0,0
11034,Owen Bevan,Bournemouth,1,6,0,0,0,0,0,0,S,0,0,,,,,,,,0,0,0,0
11035,Marquinhos,Arsenal,1,1,0,0,0,0,0,0,S,0,0,,,,,,,,0,0,0,0
11078,Juan Larios,Southampton,5,144,0,0,0,0,0,0,D S,0,0,,,,,,,,0,0,0.078345999121666,0.078345999121666
11132,Ethan Nwaneri,Arsenal,1,1,0,0,0,0,0,0,S,0,0,,,,,,,,0,0,0,0
11174,Kobbie Mainoo,Manchester United,1,7,0,0,0,0,0,0,S,0,0,,,,,,,,0,0,0.166627004742622,0.166627004742622
11193,Andrew Moran,Brighton,1,9,0,0,0,0,0,0,S,0,0,,,,,,,,0,0,0.0754638016223908,0.0754638016223908
11208,Mateo Joseph,Leeds,3,23,0,0,1,0,0,0,S,0.0736948028206825,0,,,,,,,,0,0.0736948028206825,0,0
11231,Ben Doak,Liverpool,2,20,0,0,0,0,0,0,S,0,0,,,,,,,,0,0,0,0
11232,Thomas Cannon,Everton,2,15,0,0,1,1,0,0,S,0.0505074001848698,0.0708136036992073,,,,,,,,0,0.0505074001848698,0.0505074001848698,0
11233,Dexter Lembikisa,Wolverhampton Wanderers,1,20,0,0,0,0,0,0,S,0,0,,,,,,,,0,0,0.0149248000234365,0.0149248000234365
11242,Divin Mubama,West Ham,3,30,0,0,0,1,0,0,S,0,0.0591654740273953,,,,,,,,0,0,0.396271493285894,0.337106019258499
11268,David Ozoh,Crystal Palace,1,1,0,0,0,0,0,0,S,0,0,,,,,,,,0,0,0,0
11269,Jack Hinshelwood,Brighton,1,1,0,0,0,0,0,0,S,0,0,,,,,,,,0,0,0,0
11284,Gustavo Scarpa,Nottingham Forest,6,173,0,0,7,1,1,0,M S,0.207869871519506,0.0278489999473095,,,,,,,,0,0.207869871519506,0.49719100445509,0.298376299440861
11295,David Datro Fofana,Chelsea,3,65,0,0,3,3,0,0,F S,0.326112687587738,0.0874276300892234,,,,,,,,0,0.326112687587738,0.38537351693958,0
11298,Mislav Orsic,Southampton,1,3,0,0,0,0,0,0,S,0,0,,,,,,,,0,0,0,0
11305,Mykhailo Mudryk,Chelsea,15,654,0,2,14,10,1,0,F M S,1.90448676794767,0.728204175829887,,,,,,,,0,1.90448676794767,3.89148095995188,1.97014513984323
11356,Enzo Fernández,Chelsea,18,1559,0,2,20,20,3,0,M,0.617892225272954,2.13054706901312,,,,,,,,0,0.617892225272954,8.81558745726943,7.62297338619828
11359,James Bree,Southampton,5,373,0,0,1,4,1,0,D S,0.0143795590847731,0.178231995552778,,,,,,,,0,0.0143795590847731,0.397350881248713,0.230254914611578
11360,Paul Onuachu,Southampton,11,390,0,0,11,4,0,0,F S,0.935112496837974,0.320010710507631,,,,,,,,0,0.935112496837974,1.34791538491845,0.100983995944262
11361,Daniel Bentley,Wolverhampton Wanderers,2,180,0,0,0,0,0,0,GK,0,0,,,,,,,,0,0,0.0584822446107864,0.0584822446107864
11366,Jhon Durán,Aston Villa,12,103,0,0,7,1,1,0,S,0.751296013593674,0.0525350011885166,,,,,,,,0,0.751296013593674,0.293261599726975,0.0882194004952908
11367,Victor Kristiansen,Leicester,12,902,0,1,3,7,2,0,D S,0.118203900754452,0.666626811027527,,,,,,,,0,0.118203900754452,2.82095154374838,2.47175069898367
11378,Máximo Perrone,Manchester City,1,17,0,0,0,0,0,0,S,0,0,,,,,,,,0,0,0,0
11385,Yasin Ayari,Brighton,3,59,0,0,1,2,0,0,M S,0.0128233004361391,0.23809801787138,,,,,,,,0,0.0128233004361391,0.336257018148899,0.226913005113602
11386,Lewis Miley,Newcastle United,1,10,0,0,1,0,0,0,S,0.0640049427747726,0,,,,,,,,0,0.0640049427747726,0.0640049427747726,0
11486,Illia Zabarnyi,Bournemouth,5,290,0,0,0,0,0,0,D S,0,0,,,,,,,,0,0,0.631728045642376,0.631728045642376
11509,George Abbott,Tottenham,1,1,0,0,0,0,0,0,S,0,0,,,,,,,,0,0,0,0
11544,Cameron Peupion,Brighton,1,1,0,0,1,0,0,0,S,0.0536134205758572,0,,,,,,,,0,0.0536134205758572,0,0
11582,Kamari Doyle,Southampton,1,1,0,0,0,0,0,0,S,0,0,,,,,,,,0,0,0,0
11583,Dominic Ballard,Southampton,2,17,0,0,0,0,0,0,S,0,0,,,,,,,,0,0,0,0
11594,Shea Charles,Manchester City,1,26,0,0,0,0,0,0,S,0,0,,,,,,,,0,0,0.129426509141922,0.129426509141922
11618,Samuel Amo-Ameyaw,Southampton,1,1,0,0,0,1,0,0,S,0,0.0250539388507605,,,,,,,,0,0,0.0250539388507605,0.0250539388507605
